id,charged_off
57146,0.5
20988,0.5
10031,0.5
33892,0.5
35374,0.5
54509,0.5
27804,0.5
17725,0.5
49577,0.5
55438,0.5
21517,0.5
45624,0.5
14200,0.5
21029,0.5
35752,0.5
48585,0.5
39464,0.5
22756,0.5
21560,0.5
43488,0.5
38218,0.5
18564,0.5
34114,0.5
36173,0.5
42852,0.5
46995,0.5
36674,0.5
27144,0.5
17822,0.5
11861,0.5
33312,0.5
48008,0.5
34765,0.5
49172,0.5
56838,0.5
24169,0.5
35650,0.5
48147,0.5
11614,0.5
48056,0.5
35409,0.5
51379,0.5
38143,0.5
24679,0.5
51451,0.5
36640,0.5
28535,0.5
34436,0.5
20923,0.5
29851,0.5
50234,0.5
24823,0.5
41103,0.5
16946,0.5
54791,0.5
53627,0.5
49481,0.5
55919,0.5
46390,0.5
55939,0.5
14163,0.5
23691,0.5
32915,0.5
39358,0.5
21380,0.5
39149,0.5
38419,0.5
29413,0.5
43495,0.5
25592,0.5
30935,0.5
37372,0.5
15078,0.5
38067,0.5
36939,0.5
49816,0.5
20462,0.5
21135,0.5
22566,0.5
54585,0.5
44573,0.5
12587,0.5
32262,0.5
26578,0.5
47292,0.5
12199,0.5
39890,0.5
38688,0.5
34620,0.5
10413,0.5
10449,0.5
37895,0.5
52124,0.5
30877,0.5
14079,0.5
55102,0.5
46726,0.5
32822,0.5
42783,0.5
54630,0.5
22081,0.5
34797,0.5
42564,0.5
32214,0.5
36425,0.5
53927,0.5
41148,0.5
13557,0.5
47917,0.5
56087,0.5
40835,0.5
15095,0.5
23257,0.5
41863,0.5
36983,0.5
44548,0.5
29481,0.5
12218,0.5
43586,0.5
46051,0.5
25355,0.5
11276,0.5
23440,0.5
42261,0.5
28272,0.5
42505,0.5
55182,0.5
16451,0.5
53124,0.5
15088,0.5
36084,0.5
39315,0.5
39733,0.5
49374,0.5
11003,0.5
31731,0.5
52380,0.5
27912,0.5
52025,0.5
48101,0.5
32891,0.5
56881,0.5
24898,0.5
37867,0.5
47363,0.5
40046,0.5
14360,0.5
57097,0.5
53884,0.5
24529,0.5
54543,0.5
53954,0.5
43567,0.5
55028,0.5
23456,0.5
35932,0.5
48127,0.5
29155,0.5
55598,0.5
41086,0.5
33345,0.5
50574,0.5
40438,0.5
42811,0.5
31816,0.5
20039,0.5
54807,0.5
21057,0.5
28820,0.5
22086,0.5
38065,0.5
12848,0.5
25886,0.5
16620,0.5
52164,0.5
39627,0.5
17471,0.5
40332,0.5
51984,0.5
29046,0.5
35993,0.5
38346,0.5
49547,0.5
46882,0.5
49155,0.5
51837,0.5
11841,0.5
13766,0.5
19040,0.5
42678,0.5
31571,0.5
43038,0.5
54998,0.5
45937,0.5
50736,0.5
49575,0.5
14056,0.5
28255,0.5
23652,0.5
45773,0.5
24090,0.5
14317,0.5
49584,0.5
54418,0.5
47141,0.5
18548,0.5
26493,0.5
19442,0.5
47283,0.5
30224,0.5
34525,0.5
48336,0.5
29986,0.5
43144,0.5
55745,0.5
13094,0.5
31460,0.5
42165,0.5
16425,0.5
27519,0.5
54169,0.5
16285,0.5
37026,0.5
31118,0.5
55994,0.5
20044,0.5
54277,0.5
45389,0.5
48819,0.5
36088,0.5
31764,0.5
22865,0.5
34519,0.5
11186,0.5
21260,0.5
45193,0.5
48219,0.5
45615,0.5
13417,0.5
53114,0.5
31006,0.5
40200,0.5
10594,0.5
35969,0.5
44371,0.5
39240,0.5
23218,0.5
40069,0.5
31656,0.5
10389,0.5
40531,0.5
19582,0.5
51487,0.5
39347,0.5
20482,0.5
12420,0.5
50554,0.5
22115,0.5
13746,0.5
37546,0.5
54028,0.5
19610,0.5
50939,0.5
49592,0.5
18338,0.5
49512,0.5
23488,0.5
19603,0.5
49099,0.5
45540,0.5
50897,0.5
56313,0.5
10382,0.5
21079,0.5
30779,0.5
27024,0.5
20245,0.5
19223,0.5
41091,0.5
33099,0.5
34682,0.5
39971,0.5
54561,0.5
35908,0.5
23732,0.5
11534,0.5
53004,0.5
31451,0.5
30998,0.5
20894,0.5
28703,0.5
10141,0.5
17699,0.5
29761,0.5
47263,0.5
17987,0.5
47868,0.5
40851,0.5
23844,0.5
17315,0.5
47430,0.5
23657,0.5
45680,0.5
47896,0.5
38541,0.5
32812,0.5
26123,0.5
45862,0.5
51382,0.5
11041,0.5
50228,0.5
36379,0.5
33042,0.5
22003,0.5
29654,0.5
28726,0.5
48926,0.5
30213,0.5
26246,0.5
54015,0.5
17354,0.5
42440,0.5
29971,0.5
12716,0.5
21678,0.5
19087,0.5
33898,0.5
51442,0.5
23075,0.5
21005,0.5
12175,0.5
11369,0.5
34935,0.5
10561,0.5
45005,0.5
33504,0.5
55556,0.5
56217,0.5
31034,0.5
19122,0.5
29690,0.5
51057,0.5
56121,0.5
54643,0.5
35292,0.5
18672,0.5
46368,0.5
40611,0.5
51655,0.5
25846,0.5
28315,0.5
56154,0.5
50460,0.5
53631,0.5
44370,0.5
43946,0.5
34510,0.5
12845,0.5
45047,0.5
51269,0.5
47285,0.5
24834,0.5
46302,0.5
21364,0.5
31434,0.5
52162,0.5
36803,0.5
39824,0.5
47464,0.5
32677,0.5
54668,0.5
32842,0.5
36166,0.5
11444,0.5
48985,0.5
27180,0.5
33733,0.5
36030,0.5
20693,0.5
13437,0.5
37661,0.5
21217,0.5
38249,0.5
36566,0.5
50034,0.5
26495,0.5
56652,0.5
23723,0.5
18918,0.5
24604,0.5
49021,0.5
24985,0.5
42586,0.5
30773,0.5
34664,0.5
52342,0.5
38428,0.5
55828,0.5
12696,0.5
29776,0.5
32447,0.5
46973,0.5
32217,0.5
33455,0.5
24146,0.5
48764,0.5
11829,0.5
19515,0.5
12488,0.5
43571,0.5
14620,0.5
30173,0.5
20430,0.5
18764,0.5
28412,0.5
16843,0.5
54148,0.5
31989,0.5
29306,0.5
41134,0.5
24763,0.5
27543,0.5
53853,0.5
31175,0.5
49221,0.5
21782,0.5
26556,0.5
55616,0.5
37064,0.5
53402,0.5
42625,0.5
39321,0.5
19923,0.5
21745,0.5
36744,0.5
42639,0.5
19744,0.5
45200,0.5
48796,0.5
48344,0.5
37911,0.5
29161,0.5
52855,0.5
34633,0.5
39310,0.5
13117,0.5
41931,0.5
36465,0.5
37125,0.5
49550,0.5
52177,0.5
17547,0.5
31615,0.5
25824,0.5
31745,0.5
32761,0.5
30348,0.5
15150,0.5
36418,0.5
20546,0.5
17921,0.5
11771,0.5
16094,0.5
22768,0.5
56926,0.5
23547,0.5
42709,0.5
52249,0.5
51850,0.5
16819,0.5
13806,0.5
52699,0.5
24814,0.5
32736,0.5
29995,0.5
23023,0.5
29211,0.5
47371,0.5
35757,0.5
33193,0.5
15313,0.5
18029,0.5
31161,0.5
27231,0.5
45542,0.5
51406,0.5
54106,0.5
27156,0.5
39206,0.5
17230,0.5
14611,0.5
20618,0.5
29361,0.5
44658,0.5
34051,0.5
50420,0.5
38918,0.5
34753,0.5
11948,0.5
21210,0.5
10736,0.5
50990,0.5
46224,0.5
33881,0.5
54539,0.5
54778,0.5
36102,0.5
47171,0.5
56974,0.5
26937,0.5
48534,0.5
52782,0.5
26755,0.5
47092,0.5
40742,0.5
40726,0.5
13865,0.5
42604,0.5
40497,0.5
30380,0.5
23152,0.5
46733,0.5
26570,0.5
14739,0.5
21619,0.5
42247,0.5
52418,0.5
41963,0.5
39972,0.5
21822,0.5
22151,0.5
14840,0.5
20101,0.5
41205,0.5
39178,0.5
40163,0.5
53624,0.5
35170,0.5
14489,0.5
50601,0.5
12399,0.5
33675,0.5
36014,0.5
20161,0.5
44289,0.5
15387,0.5
36400,0.5
39303,0.5
30253,0.5
35981,0.5
14925,0.5
47506,0.5
53693,0.5
42309,0.5
18083,0.5
15877,0.5
49072,0.5
13945,0.5
31492,0.5
35115,0.5
14975,0.5
17328,0.5
42949,0.5
46181,0.5
36604,0.5
52388,0.5
45797,0.5
13240,0.5
31248,0.5
40224,0.5
43832,0.5
44038,0.5
15031,0.5
15337,0.5
51086,0.5
48128,0.5
56985,0.5
52182,0.5
29940,0.5
10367,0.5
47786,0.5
44610,0.5
29307,0.5
24342,0.5
33634,0.5
51566,0.5
56170,0.5
36091,0.5
54134,0.5
32462,0.5
37687,0.5
39432,0.5
56672,0.5
55308,0.5
28391,0.5
43328,0.5
53148,0.5
12550,0.5
17426,0.5
44434,0.5
24578,0.5
16628,0.5
27884,0.5
53595,0.5
27928,0.5
35853,0.5
54159,0.5
50231,0.5
49111,0.5
37802,0.5
54567,0.5
32351,0.5
20514,0.5
10598,0.5
29825,0.5
34003,0.5
31038,0.5
36820,0.5
12046,0.5
26270,0.5
35364,0.5
48861,0.5
38036,0.5
40827,0.5
30904,0.5
12080,0.5
52036,0.5
34670,0.5
17034,0.5
47438,0.5
27664,0.5
19746,0.5
50059,0.5
41537,0.5
52927,0.5
52909,0.5
31759,0.5
26580,0.5
26541,0.5
47318,0.5
30960,0.5
10773,0.5
18860,0.5
27136,0.5
24944,0.5
38726,0.5
56270,0.5
13271,0.5
22416,0.5
55866,0.5
55424,0.5
34559,0.5
12574,0.5
32391,0.5
37805,0.5
29254,0.5
55247,0.5
53965,0.5
22611,0.5
34940,0.5
12153,0.5
27281,0.5
37839,0.5
26653,0.5
31114,0.5
33847,0.5
18030,0.5
56748,0.5
51531,0.5
36439,0.5
43922,0.5
45329,0.5
45590,0.5
38542,0.5
28749,0.5
13186,0.5
30517,0.5
36022,0.5
17329,0.5
10303,0.5
12189,0.5
43354,0.5
23660,0.5
43339,0.5
15733,0.5
53511,0.5
16422,0.5
25430,0.5
11559,0.5
33348,0.5
24812,0.5
55331,0.5
50569,0.5
18718,0.5
11850,0.5
34320,0.5
10049,0.5
30273,0.5
43489,0.5
21508,0.5
56457,0.5
31092,0.5
11667,0.5
36700,0.5
29373,0.5
25388,0.5
48142,0.5
23151,0.5
51834,0.5
24491,0.5
16635,0.5
26122,0.5
21009,0.5
55551,0.5
48227,0.5
33789,0.5
54997,0.5
11102,0.5
18559,0.5
15300,0.5
21047,0.5
35444,0.5
35013,0.5
41572,0.5
30439,0.5
56830,0.5
38870,0.5
44825,0.5
11640,0.5
54197,0.5
33194,0.5
35741,0.5
45326,0.5
55117,0.5
39701,0.5
16525,0.5
35071,0.5
30395,0.5
24429,0.5
14685,0.5
17833,0.5
32222,0.5
29385,0.5
24618,0.5
10348,0.5
38017,0.5
44393,0.5
55022,0.5
56165,0.5
30722,0.5
14916,0.5
47908,0.5
34268,0.5
35259,0.5
44187,0.5
33413,0.5
29198,0.5
18919,0.5
41886,0.5
36480,0.5
25162,0.5
48496,0.5
29178,0.5
39220,0.5
22268,0.5
42167,0.5
35101,0.5
30187,0.5
30272,0.5
49356,0.5
30680,0.5
27265,0.5
22780,0.5
43323,0.5
13921,0.5
17031,0.5
37935,0.5
43551,0.5
27723,0.5
18751,0.5
22842,0.5
42867,0.5
52597,0.5
38118,0.5
45095,0.5
17275,0.5
25490,0.5
46464,0.5
32631,0.5
28361,0.5
31622,0.5
45934,0.5
22777,0.5
34240,0.5
35425,0.5
12899,0.5
33395,0.5
34948,0.5
33556,0.5
20012,0.5
46813,0.5
52808,0.5
43180,0.5
46203,0.5
23813,0.5
16510,0.5
41302,0.5
19057,0.5
32368,0.5
27412,0.5
19487,0.5
37383,0.5
28447,0.5
44391,0.5
37353,0.5
28419,0.5
47867,0.5
12662,0.5
38658,0.5
35403,0.5
30428,0.5
23766,0.5
13320,0.5
42716,0.5
10434,0.5
39619,0.5
27708,0.5
49956,0.5
22718,0.5
29949,0.5
12595,0.5
53563,0.5
33309,0.5
41233,0.5
43028,0.5
44988,0.5
48304,0.5
53865,0.5
50751,0.5
52320,0.5
47763,0.5
20421,0.5
41120,0.5
56272,0.5
48057,0.5
37654,0.5
53923,0.5
27976,0.5
30906,0.5
33605,0.5
10769,0.5
56338,0.5
37076,0.5
48055,0.5
13692,0.5
41914,0.5
52262,0.5
54894,0.5
37080,0.5
13426,0.5
10976,0.5
28841,0.5
21341,0.5
17419,0.5
51466,0.5
24488,0.5
31457,0.5
17131,0.5
11321,0.5
42034,0.5
26543,0.5
26343,0.5
16547,0.5
27770,0.5
49019,0.5
43865,0.5
36387,0.5
24407,0.5
55835,0.5
25749,0.5
32839,0.5
48932,0.5
56493,0.5
48257,0.5
14996,0.5
29212,0.5
36278,0.5
20513,0.5
52348,0.5
43157,0.5
18186,0.5
40171,0.5
16736,0.5
56243,0.5
28077,0.5
16691,0.5
45596,0.5
54774,0.5
40061,0.5
49712,0.5
10535,0.5
27879,0.5
54163,0.5
17157,0.5
11467,0.5
24508,0.5
46879,0.5
33000,0.5
53186,0.5
29287,0.5
23354,0.5
34202,0.5
23327,0.5
14563,0.5
15430,0.5
17446,0.5
31439,0.5
14628,0.5
36746,0.5
36277,0.5
16629,0.5
53836,0.5
31400,0.5
49910,0.5
10326,0.5
20485,0.5
18670,0.5
47089,0.5
17007,0.5
53666,0.5
53626,0.5
18854,0.5
19013,0.5
45021,0.5
17916,0.5
26015,0.5
37886,0.5
23702,0.5
49095,0.5
36597,0.5
31973,0.5
57153,0.5
35979,0.5
28238,0.5
29868,0.5
40667,0.5
12532,0.5
52953,0.5
12557,0.5
46044,0.5
55988,0.5
25620,0.5
23543,0.5
49424,0.5
35596,0.5
55011,0.5
16772,0.5
44223,0.5
15240,0.5
16835,0.5
13372,0.5
36459,0.5
53183,0.5
31512,0.5
38599,0.5
41111,0.5
12872,0.5
11706,0.5
36656,0.5
36757,0.5
49960,0.5
43802,0.5
26579,0.5
25188,0.5
46403,0.5
35443,0.5
48584,0.5
30108,0.5
39173,0.5
39770,0.5
44668,0.5
21042,0.5
38717,0.5
23599,0.5
11099,0.5
11204,0.5
28566,0.5
16876,0.5
34570,0.5
28291,0.5
34159,0.5
14560,0.5
49346,0.5
12741,0.5
28392,0.5
39291,0.5
25096,0.5
21401,0.5
55390,0.5
15909,0.5
25423,0.5
42227,0.5
48106,0.5
15476,0.5
24551,0.5
28469,0.5
52142,0.5
45586,0.5
56360,0.5
41399,0.5
34318,0.5
52218,0.5
54228,0.5
48743,0.5
36133,0.5
16439,0.5
40394,0.5
44013,0.5
41318,0.5
20556,0.5
54770,0.5
35288,0.5
36140,0.5
14368,0.5
46764,0.5
47760,0.5
21658,0.5
47646,0.5
16698,0.5
51760,0.5
54526,0.5
12251,0.5
50381,0.5
20375,0.5
32261,0.5
26512,0.5
41150,0.5
20356,0.5
55327,0.5
34851,0.5
34447,0.5
46810,0.5
48658,0.5
10033,0.5
35664,0.5
38380,0.5
38331,0.5
31123,0.5
20139,0.5
37671,0.5
29432,0.5
37811,0.5
36012,0.5
54477,0.5
12121,0.5
48651,0.5
18539,0.5
41521,0.5
40651,0.5
22618,0.5
18808,0.5
31226,0.5
55086,0.5
52222,0.5
42572,0.5
29903,0.5
27361,0.5
54397,0.5
29382,0.5
28846,0.5
22442,0.5
44581,0.5
46537,0.5
20415,0.5
26681,0.5
52073,0.5
21465,0.5
26494,0.5
40968,0.5
46077,0.5
10963,0.5
50297,0.5
10161,0.5
44075,0.5
47478,0.5
48833,0.5
50921,0.5
11765,0.5
10013,0.5
36955,0.5
34298,0.5
41133,0.5
14673,0.5
42940,0.5
54232,0.5
21309,0.5
36170,0.5
25663,0.5
52244,0.5
35769,0.5
37704,0.5
18268,0.5
17568,0.5
43805,0.5
40036,0.5
22179,0.5
22861,0.5
12159,0.5
31822,0.5
27590,0.5
38731,0.5
49917,0.5
55083,0.5
31459,0.5
37889,0.5
52473,0.5
22295,0.5
48210,0.5
18060,0.5
57178,0.5
36726,0.5
35037,0.5
18411,0.5
10058,0.5
31985,0.5
30604,0.5
54776,0.5
35020,0.5
35109,0.5
40650,0.5
25939,0.5
47114,0.5
16160,0.5
18496,0.5
46673,0.5
55613,0.5
47144,0.5
28276,0.5
44996,0.5
28751,0.5
22954,0.5
32684,0.5
28267,0.5
15709,0.5
34939,0.5
35712,0.5
52530,0.5
47582,0.5
17453,0.5
22455,0.5
35843,0.5
52197,0.5
28470,0.5
36807,0.5
48239,0.5
11078,0.5
17680,0.5
10224,0.5
17259,0.5
19283,0.5
52179,0.5
51690,0.5
50076,0.5
20027,0.5
56522,0.5
11071,0.5
28997,0.5
54243,0.5
24669,0.5
30894,0.5
13455,0.5
29869,0.5
20916,0.5
10749,0.5
53730,0.5
56864,0.5
41623,0.5
53708,0.5
19085,0.5
38482,0.5
53621,0.5
45391,0.5
50056,0.5
43188,0.5
47277,0.5
18697,0.5
32953,0.5
20181,0.5
18627,0.5
54413,0.5
30354,0.5
47188,0.5
52921,0.5
14020,0.5
23912,0.5
13801,0.5
22693,0.5
37947,0.5
48192,0.5
31230,0.5
24017,0.5
25811,0.5
13265,0.5
37429,0.5
33665,0.5
39212,0.5
56265,0.5
43439,0.5
35483,0.5
43949,0.5
24565,0.5
15525,0.5
37576,0.5
47136,0.5
52615,0.5
51856,0.5
20849,0.5
14534,0.5
20873,0.5
43544,0.5
47749,0.5
38332,0.5
15679,0.5
43759,0.5
30819,0.5
22105,0.5
31569,0.5
28290,0.5
37316,0.5
31165,0.5
13021,0.5
29218,0.5
22680,0.5
12146,0.5
40947,0.5
35199,0.5
46507,0.5
41027,0.5
53888,0.5
37001,0.5
43498,0.5
19388,0.5
11496,0.5
43543,0.5
53313,0.5
48492,0.5
39877,0.5
23077,0.5
18220,0.5
51621,0.5
52502,0.5
27224,0.5
55168,0.5
15872,0.5
30786,0.5
12456,0.5
38350,0.5
50927,0.5
24421,0.5
47291,0.5
18281,0.5
55615,0.5
24768,0.5
53751,0.5
37900,0.5
23484,0.5
19670,0.5
28620,0.5
56232,0.5
44852,0.5
13738,0.5
19212,0.5
38549,0.5
50583,0.5
37898,0.5
44112,0.5
12145,0.5
32367,0.5
37317,0.5
26204,0.5
45124,0.5
11343,0.5
10277,0.5
11315,0.5
18439,0.5
21490,0.5
21681,0.5
41910,0.5
14879,0.5
20388,0.5
54750,0.5
36692,0.5
20470,0.5
47042,0.5
13792,0.5
19194,0.5
40321,0.5
41250,0.5
53231,0.5
43964,0.5
13392,0.5
20150,0.5
26659,0.5
53389,0.5
20208,0.5
11263,0.5
14247,0.5
50903,0.5
40978,0.5
29012,0.5
36078,0.5
53798,0.5
41531,0.5
31704,0.5
51754,0.5
22207,0.5
22676,0.5
54965,0.5
24619,0.5
12147,0.5
12669,0.5
47072,0.5
30536,0.5
51386,0.5
14330,0.5
37994,0.5
26092,0.5
10876,0.5
31632,0.5
39845,0.5
19932,0.5
17834,0.5
52269,0.5
24972,0.5
27113,0.5
18523,0.5
34495,0.5
21800,0.5
32226,0.5
27423,0.5
13946,0.5
49505,0.5
44269,0.5
37826,0.5
29004,0.5
15793,0.5
31812,0.5
19255,0.5
42972,0.5
55213,0.5
22909,0.5
39843,0.5
21633,0.5
44302,0.5
32949,0.5
33682,0.5
46331,0.5
53443,0.5
13858,0.5
29708,0.5
55719,0.5
48927,0.5
13833,0.5
11911,0.5
16833,0.5
37542,0.5
43977,0.5
24197,0.5
39032,0.5
12369,0.5
12834,0.5
50451,0.5
41409,0.5
34863,0.5
15713,0.5
40956,0.5
48380,0.5
31863,0.5
17497,0.5
31677,0.5
22623,0.5
31183,0.5
50697,0.5
33587,0.5
37438,0.5
45444,0.5
50916,0.5
56400,0.5
42909,0.5
49927,0.5
49104,0.5
16248,0.5
42350,0.5
29014,0.5
22124,0.5
32716,0.5
14923,0.5
35206,0.5
31389,0.5
29911,0.5
14273,0.5
47983,0.5
36396,0.5
33270,0.5
14938,0.5
48913,0.5
11234,0.5
38552,0.5
41713,0.5
18528,0.5
10846,0.5
41728,0.5
48644,0.5
42936,0.5
15694,0.5
54314,0.5
52686,0.5
29020,0.5
18582,0.5
52008,0.5
38803,0.5
54677,0.5
38787,0.5
19480,0.5
54981,0.5
26760,0.5
40201,0.5
41511,0.5
14761,0.5
33883,0.5
11005,0.5
45456,0.5
46140,0.5
32707,0.5
40267,0.5
34087,0.5
56321,0.5
54679,0.5
44113,0.5
13800,0.5
10079,0.5
43797,0.5
52062,0.5
34182,0.5
43668,0.5
20527,0.5
54881,0.5
54387,0.5
46480,0.5
36320,0.5
40320,0.5
25017,0.5
43324,0.5
36702,0.5
34822,0.5
50956,0.5
15903,0.5
36676,0.5
19839,0.5
56066,0.5
13483,0.5
16813,0.5
51390,0.5
28429,0.5
32643,0.5
29275,0.5
17282,0.5
25674,0.5
52048,0.5
19871,0.5
42966,0.5
13439,0.5
26525,0.5
56645,0.5
12634,0.5
53880,0.5
54623,0.5
35235,0.5
12916,0.5
24997,0.5
54091,0.5
12019,0.5
36329,0.5
55723,0.5
20633,0.5
24624,0.5
19941,0.5
56111,0.5
51334,0.5
25579,0.5
42776,0.5
25371,0.5
13871,0.5
46891,0.5
41741,0.5
21091,0.5
31794,0.5
15445,0.5
40076,0.5
51550,0.5
21946,0.5
46577,0.5
27449,0.5
10273,0.5
52852,0.5
44406,0.5
18561,0.5
25464,0.5
18098,0.5
28842,0.5
36580,0.5
56843,0.5
10780,0.5
56216,0.5
36923,0.5
30940,0.5
22077,0.5
14651,0.5
43004,0.5
18763,0.5
50179,0.5
24717,0.5
49066,0.5
56156,0.5
18701,0.5
25285,0.5
42833,0.5
11230,0.5
16859,0.5
53647,0.5
17653,0.5
20390,0.5
50852,0.5
43034,0.5
28093,0.5
14746,0.5
55887,0.5
17063,0.5
49016,0.5
10255,0.5
47592,0.5
48790,0.5
12877,0.5
31397,0.5
45452,0.5
35812,0.5
29699,0.5
53709,0.5
10297,0.5
37781,0.5
19810,0.5
56972,0.5
41357,0.5
54766,0.5
42271,0.5
47608,0.5
27110,0.5
11740,0.5
35340,0.5
14125,0.5
23910,0.5
21735,0.5
57061,0.5
46613,0.5
35335,0.5
45837,0.5
50009,0.5
56398,0.5
11880,0.5
19561,0.5
49227,0.5
10014,0.5
23194,0.5
31592,0.5
52169,0.5
46211,0.5
11810,0.5
23408,0.5
24445,0.5
39018,0.5
44808,0.5
43063,0.5
30994,0.5
22793,0.5
15966,0.5
48772,0.5
15168,0.5
52032,0.5
40146,0.5
12871,0.5
42535,0.5
27324,0.5
52693,0.5
48327,0.5
41895,0.5
40584,0.5
38859,0.5
56462,0.5
38030,0.5
22041,0.5
45373,0.5
13074,0.5
19711,0.5
10313,0.5
25694,0.5
26909,0.5
16310,0.5
24683,0.5
44927,0.5
53890,0.5
17071,0.5
14373,0.5
55018,0.5
29293,0.5
21166,0.5
15263,0.5
28448,0.5
17687,0.5
22945,0.5
47935,0.5
26582,0.5
31105,0.5
40114,0.5
52280,0.5
37788,0.5
32944,0.5
19139,0.5
18236,0.5
46375,0.5
10634,0.5
17276,0.5
19986,0.5
11709,0.5
10470,0.5
29667,0.5
55950,0.5
26425,0.5
16465,0.5
45158,0.5
13015,0.5
27504,0.5
13343,0.5
29103,0.5
28251,0.5
32625,0.5
18046,0.5
35355,0.5
13224,0.5
45860,0.5
46095,0.5
38314,0.5
39599,0.5
40696,0.5
29620,0.5
11375,0.5
16108,0.5
39948,0.5
55440,0.5
53524,0.5
51518,0.5
26841,0.5
45262,0.5
45078,0.5
55286,0.5
26415,0.5
17277,0.5
19145,0.5
53400,0.5
50401,0.5
53190,0.5
44613,0.5
29330,0.5
11307,0.5
25547,0.5
32885,0.5
45793,0.5
18219,0.5
30692,0.5
40142,0.5
29893,0.5
51938,0.5
18504,0.5
12238,0.5
45331,0.5
22022,0.5
11517,0.5
27665,0.5
23828,0.5
34758,0.5
46460,0.5
51045,0.5
10456,0.5
30196,0.5
27917,0.5
36019,0.5
45598,0.5
42721,0.5
14375,0.5
21314,0.5
20974,0.5
41780,0.5
26039,0.5
48974,0.5
56963,0.5
29244,0.5
41453,0.5
24110,0.5
18594,0.5
16733,0.5
23226,0.5
54742,0.5
12452,0.5
42933,0.5
16677,0.5
56370,0.5
21115,0.5
19124,0.5
42536,0.5
18961,0.5
17617,0.5
39109,0.5
25014,0.5
21248,0.5
23579,0.5
12478,0.5
29847,0.5
33416,0.5
54971,0.5
32040,0.5
33606,0.5
37514,0.5
39837,0.5
54831,0.5
21582,0.5
47877,0.5
18853,0.5
34882,0.5
24579,0.5
17067,0.5
44265,0.5
12693,0.5
44821,0.5
14763,0.5
35075,0.5
26252,0.5
51219,0.5
20578,0.5
55394,0.5
17438,0.5
51223,0.5
10797,0.5
35486,0.5
50220,0.5
36467,0.5
34065,0.5
43988,0.5
11136,0.5
33035,0.5
44098,0.5
56428,0.5
40311,0.5
55374,0.5
23401,0.5
35954,0.5
23924,0.5
25530,0.5
44545,0.5
48522,0.5
25011,0.5
37804,0.5
12342,0.5
42368,0.5
35929,0.5
18155,0.5
22069,0.5
44960,0.5
46011,0.5
14387,0.5
51318,0.5
26685,0.5
38567,0.5
50485,0.5
19793,0.5
36642,0.5
17170,0.5
46488,0.5
35659,0.5
34168,0.5
21413,0.5
13221,0.5
49600,0.5
47673,0.5
11066,0.5
50729,0.5
22473,0.5
46067,0.5
19985,0.5
37866,0.5
56979,0.5
51040,0.5
23858,0.5
49447,0.5
16692,0.5
15491,0.5
54404,0.5
38715,0.5
43299,0.5
22915,0.5
56031,0.5
52004,0.5
27557,0.5
34903,0.5
32608,0.5
32362,0.5
17996,0.5
30780,0.5
23530,0.5
53131,0.5
29458,0.5
19136,0.5
36834,0.5
42935,0.5
31885,0.5
56487,0.5
56690,0.5
14671,0.5
39668,0.5
54752,0.5
38545,0.5
53314,0.5
37403,0.5
18306,0.5
47398,0.5
19147,0.5
45682,0.5
44747,0.5
38905,0.5
28111,0.5
29558,0.5
16412,0.5
40862,0.5
31957,0.5
36283,0.5
51952,0.5
29116,0.5
26283,0.5
45192,0.5
35786,0.5
47049,0.5
18809,0.5
52106,0.5
28940,0.5
35053,0.5
47690,0.5
14154,0.5
35156,0.5
35592,0.5
30113,0.5
27897,0.5
16639,0.5
46031,0.5
41067,0.5
52738,0.5
10756,0.5
18835,0.5
39539,0.5
53528,0.5
35721,0.5
51883,0.5
54516,0.5
55282,0.5
55204,0.5
48880,0.5
10414,0.5
27134,0.5
33917,0.5
39442,0.5
17694,0.5
19193,0.5
30712,0.5
56378,0.5
41450,0.5
15899,0.5
19164,0.5
11430,0.5
11184,0.5
40435,0.5
35295,0.5
32024,0.5
25602,0.5
40091,0.5
24089,0.5
49954,0.5
54133,0.5
42772,0.5
40809,0.5
44498,0.5
37842,0.5
40551,0.5
24198,0.5
31269,0.5
22956,0.5
28831,0.5
31452,0.5
56006,0.5
51629,0.5
12168,0.5
38097,0.5
27669,0.5
41498,0.5
45700,0.5
17832,0.5
39281,0.5
32468,0.5
35709,0.5
50849,0.5
24909,0.5
50008,0.5
29705,0.5
49791,0.5
38271,0.5
13552,0.5
54174,0.5
43316,0.5
28395,0.5
46052,0.5
10689,0.5
36080,0.5
11580,0.5
42192,0.5
51758,0.5
36573,0.5
24856,0.5
22500,0.5
21142,0.5
54068,0.5
42870,0.5
28626,0.5
43347,0.5
56445,0.5
55190,0.5
10688,0.5
34147,0.5
42437,0.5
10896,0.5
53072,0.5
53071,0.5
27524,0.5
21834,0.5
44210,0.5
36452,0.5
33823,0.5
56705,0.5
51817,0.5
29855,0.5
56037,0.5
42718,0.5
29092,0.5
42680,0.5
43547,0.5
56366,0.5
12095,0.5
12929,0.5
32221,0.5
14052,0.5
15205,0.5
30205,0.5
48878,0.5
42302,0.5
38683,0.5
43580,0.5
37630,0.5
20437,0.5
11121,0.5
18630,0.5
37738,0.5
53822,0.5
15228,0.5
44985,0.5
32899,0.5
55478,0.5
10858,0.5
17770,0.5
56114,0.5
40316,0.5
51891,0.5
11140,0.5
35073,0.5
26924,0.5
15542,0.5
17358,0.5
44893,0.5
46260,0.5
16078,0.5
21540,0.5
54616,0.5
38630,0.5
26027,0.5
53967,0.5
51258,0.5
50848,0.5
53663,0.5
18533,0.5
54877,0.5
35718,0.5
33470,0.5
16023,0.5
20669,0.5
46929,0.5
41116,0.5
29593,0.5
27274,0.5
12169,0.5
18217,0.5
13017,0.5
13826,0.5
17877,0.5
38415,0.5
50672,0.5
43755,0.5
41751,0.5
54302,0.5
12212,0.5
11890,0.5
38246,0.5
26639,0.5
33429,0.5
37722,0.5
34714,0.5
42457,0.5
30888,0.5
31556,0.5
11153,0.5
54400,0.5
18192,0.5
11726,0.5
29488,0.5
55200,0.5
39020,0.5
32148,0.5
34982,0.5
26717,0.5
27870,0.5
56642,0.5
49267,0.5
43288,0.5
50825,0.5
20441,0.5
57021,0.5
34334,0.5
37746,0.5
28474,0.5
41576,0.5
55230,0.5
24962,0.5
27707,0.5
35002,0.5
24961,0.5
15829,0.5
29177,0.5
35111,0.5
54322,0.5
23640,0.5
21973,0.5
34788,0.5
40194,0.5
13394,0.5
56330,0.5
55381,0.5
14000,0.5
36192,0.5
34850,0.5
34346,0.5
41801,0.5
12217,0.5
50129,0.5
45407,0.5
19696,0.5
44707,0.5
40886,0.5
39411,0.5
41797,0.5
16781,0.5
55934,0.5
39478,0.5
17794,0.5
14349,0.5
50781,0.5
51749,0.5
21105,0.5
31200,0.5
36175,0.5
41971,0.5
54118,0.5
31446,0.5
30465,0.5
54305,0.5
26748,0.5
26491,0.5
16365,0.5
21328,0.5
56032,0.5
30095,0.5
13272,0.5
42013,0.5
23928,0.5
48402,0.5
48724,0.5
25051,0.5
43801,0.5
40243,0.5
27117,0.5
44846,0.5
55234,0.5
27699,0.5
14315,0.5
43292,0.5
53405,0.5
32611,0.5
32938,0.5
48537,0.5
45631,0.5
13430,0.5
21724,0.5
19825,0.5
12398,0.5
32328,0.5
27455,0.5
35910,0.5
35159,0.5
35079,0.5
47140,0.5
53193,0.5
44418,0.5
54103,0.5
52793,0.5
26429,0.5
46948,0.5
43449,0.5
29058,0.5
43018,0.5
15081,0.5
42808,0.5
48504,0.5
11285,0.5
21985,0.5
10417,0.5
12548,0.5
52208,0.5
23591,0.5
51635,0.5
54227,0.5
13293,0.5
21054,0.5
52630,0.5
31012,0.5
44341,0.5
51940,0.5
34954,0.5
35049,0.5
39925,0.5
51656,0.5
10448,0.5
20174,0.5
18980,0.5
30765,0.5
10790,0.5
38188,0.5
41368,0.5
23269,0.5
52457,0.5
19090,0.5
38794,0.5
30968,0.5
36247,0.5
20242,0.5
44541,0.5
44830,0.5
31904,0.5
21278,0.5
56954,0.5
11774,0.5
19776,0.5
38962,0.5
51488,0.5
10271,0.5
19382,0.5
19970,0.5
11594,0.5
28519,0.5
43381,0.5
15435,0.5
48710,0.5
44091,0.5
48163,0.5
37959,0.5
34987,0.5
43176,0.5
43722,0.5
13365,0.5
32574,0.5
54014,0.5
25479,0.5
39784,0.5
13144,0.5
22250,0.5
27971,0.5
26997,0.5
15754,0.5
22328,0.5
34480,0.5
22011,0.5
44350,0.5
24613,0.5
45305,0.5
48751,0.5
30392,0.5
51858,0.5
19953,0.5
26021,0.5
22140,0.5
30953,0.5
22982,0.5
50245,0.5
40743,0.5
29303,0.5
16806,0.5
20287,0.5
29008,0.5
41063,0.5
53035,0.5
24701,0.5
44551,0.5
28432,0.5
39051,0.5
51467,0.5
35963,0.5
16132,0.5
56007,0.5
43525,0.5
25269,0.5
48252,0.5
49630,0.5
14329,0.5
14100,0.5
51486,0.5
17789,0.5
46073,0.5
55846,0.5
27459,0.5
46720,0.5
43633,0.5
31484,0.5
12941,0.5
50483,0.5
18979,0.5
30876,0.5
11115,0.5
53015,0.5
11411,0.5
29120,0.5
47962,0.5
37086,0.5
25987,0.5
45385,0.5
26658,0.5
14442,0.5
27345,0.5
35423,0.5
11016,0.5
30485,0.5
22475,0.5
54872,0.5
41644,0.5
12650,0.5
37413,0.5
38335,0.5
55646,0.5
39872,0.5
51304,0.5
10239,0.5
37663,0.5
33872,0.5
32612,0.5
52214,0.5
16563,0.5
48390,0.5
13717,0.5
30785,0.5
49465,0.5
47981,0.5
36476,0.5
24114,0.5
39806,0.5
28049,0.5
34272,0.5
27005,0.5
50472,0.5
30133,0.5
57034,0.5
33349,0.5
52642,0.5
42173,0.5
25949,0.5
35030,0.5
39363,0.5
50680,0.5
34254,0.5
23139,0.5
22299,0.5
53227,0.5
37416,0.5
32727,0.5
25402,0.5
41697,0.5
26686,0.5
35145,0.5
12864,0.5
18572,0.5
19271,0.5
53010,0.5
19266,0.5
28664,0.5
41540,0.5
47065,0.5
24248,0.5
46528,0.5
38433,0.5
37381,0.5
50482,0.5
23452,0.5
16875,0.5
33863,0.5
49802,0.5
10957,0.5
13450,0.5
26026,0.5
45883,0.5
49558,0.5
37287,0.5
22586,0.5
46797,0.5
35615,0.5
39666,0.5
30735,0.5
51135,0.5
21956,0.5
10023,0.5
22161,0.5
15408,0.5
41810,0.5
30484,0.5
10402,0.5
10237,0.5
19132,0.5
56626,0.5
26826,0.5
15152,0.5
21721,0.5
39698,0.5
24886,0.5
53910,0.5
26054,0.5
36763,0.5
53558,0.5
11325,0.5
15929,0.5
15044,0.5
35348,0.5
11057,0.5
32220,0.5
48953,0.5
27756,0.5
18267,0.5
24365,0.5
12254,0.5
51497,0.5
52966,0.5
31964,0.5
42985,0.5
18078,0.5
10069,0.5
51273,0.5
53841,0.5
13241,0.5
26899,0.5
10070,0.5
47264,0.5
29105,0.5
17870,0.5
48565,0.5
12182,0.5
18260,0.5
52086,0.5
33718,0.5
44414,0.5
43071,0.5
15389,0.5
56256,0.5
48324,0.5
17957,0.5
26517,0.5
49537,0.5
25407,0.5
39083,0.5
49008,0.5
22454,0.5
12535,0.5
25267,0.5
26188,0.5
57062,0.5
54562,0.5
27728,0.5
29080,0.5
46085,0.5
33065,0.5
31054,0.5
32862,0.5
26293,0.5
33708,0.5
56498,0.5
36171,0.5
20519,0.5
26351,0.5
25702,0.5
44481,0.5
22762,0.5
35905,0.5
22620,0.5
41967,0.5
35177,0.5
33485,0.5
13016,0.5
34895,0.5
13563,0.5
10987,0.5
51737,0.5
21497,0.5
32300,0.5
37723,0.5
30310,0.5
39346,0.5
27647,0.5
19328,0.5
52096,0.5
19697,0.5
26339,0.5
44290,0.5
28782,0.5
28809,0.5
54371,0.5
51842,0.5
53567,0.5
46706,0.5
51145,0.5
28505,0.5
39685,0.5
14841,0.5
34271,0.5
44276,0.5
31078,0.5
28701,0.5
50833,0.5
43152,0.5
54374,0.5
44330,0.5
37503,0.5
50083,0.5
27218,0.5
40504,0.5
35878,0.5
55863,0.5
26756,0.5
20910,0.5
55510,0.5
55474,0.5
54396,0.5
51646,0.5
42246,0.5
39576,0.5
52778,0.5
51389,0.5
31010,0.5
12215,0.5
21474,0.5
10147,0.5
41167,0.5
10830,0.5
54216,0.5
16106,0.5
21541,0.5
47081,0.5
36524,0.5
46001,0.5
27720,0.5
39039,0.5
25090,0.5
20585,0.5
51264,0.5
30554,0.5
42363,0.5
53510,0.5
16315,0.5
16794,0.5
26862,0.5
57080,0.5
20520,0.5
18106,0.5
23181,0.5
41315,0.5
53575,0.5
41917,0.5
49852,0.5
20454,0.5
12601,0.5
21799,0.5
28915,0.5
32187,0.5
21060,0.5
43614,0.5
14990,0.5
20186,0.5
48353,0.5
13944,0.5
45599,0.5
17249,0.5
38532,0.5
20890,0.5
33083,0.5
55841,0.5
31060,0.5
19786,0.5
51179,0.5
55886,0.5
35909,0.5
12969,0.5
28702,0.5
24575,0.5
41805,0.5
45819,0.5
29711,0.5
46316,0.5
15767,0.5
35701,0.5
46538,0.5
46009,0.5
25680,0.5
17929,0.5
19606,0.5
53700,0.5
29417,0.5
47142,0.5
17890,0.5
13485,0.5
51286,0.5
21435,0.5
30243,0.5
50504,0.5
26391,0.5
32583,0.5
36550,0.5
18431,0.5
48728,0.5
41391,0.5
24288,0.5
20259,0.5
10505,0.5
15106,0.5
24151,0.5
52312,0.5
14991,0.5
41966,0.5
13959,0.5
30752,0.5
28594,0.5
14437,0.5
46513,0.5
40391,0.5
40260,0.5
13533,0.5
49396,0.5
27079,0.5
48181,0.5
35253,0.5
38921,0.5
31906,0.5
31908,0.5
26935,0.5
51204,0.5
20168,0.5
24381,0.5
48662,0.5
27454,0.5
45990,0.5
30890,0.5
41609,0.5
54467,0.5
30830,0.5
23848,0.5
12113,0.5
35312,0.5
11364,0.5
42705,0.5
48359,0.5
52861,0.5
14540,0.5
47790,0.5
14353,0.5
44912,0.5
31564,0.5
12502,0.5
30709,0.5
44195,0.5
40560,0.5
56997,0.5
16978,0.5
53758,0.5
53737,0.5
18092,0.5
33464,0.5
13412,0.5
26268,0.5
19963,0.5
21080,0.5
35567,0.5
56825,0.5
23542,0.5
30008,0.5
25991,0.5
24231,0.5
42408,0.5
39746,0.5
12200,0.5
30017,0.5
17000,0.5
36870,0.5
39239,0.5
40979,0.5
29522,0.5
12109,0.5
27622,0.5
40777,0.5
48268,0.5
29621,0.5
51907,0.5
55633,0.5
32248,0.5
41019,0.5
46617,0.5
24774,0.5
55289,0.5
15799,0.5
12248,0.5
45011,0.5
22892,0.5
41703,0.5
31324,0.5
57106,0.5
21575,0.5
35597,0.5
12211,0.5
25477,0.5
18476,0.5
20024,0.5
44166,0.5
18477,0.5
37157,0.5
42526,0.5
23615,0.5
18565,0.5
28099,0.5
29181,0.5
46984,0.5
30862,0.5
13751,0.5
26249,0.5
41599,0.5
22872,0.5
17816,0.5
10619,0.5
34378,0.5
51240,0.5
30290,0.5
35315,0.5
50037,0.5
30427,0.5
10975,0.5
34485,0.5
56685,0.5
49048,0.5
44727,0.5
49722,0.5
25965,0.5
54190,0.5
24816,0.5
48357,0.5
48821,0.5
19525,0.5
33230,0.5
51167,0.5
15400,0.5
31882,0.5
48170,0.5
13724,0.5
40692,0.5
19614,0.5
50300,0.5
12388,0.5
53466,0.5
21899,0.5
41658,0.5
12972,0.5
10714,0.5
31065,0.5
20965,0.5
14178,0.5
19631,0.5
44046,0.5
51069,0.5
12384,0.5
39665,0.5
21073,0.5
51674,0.5
16381,0.5
52623,0.5
15208,0.5
37471,0.5
37944,0.5
33790,0.5
25758,0.5
43065,0.5
40663,0.5
12177,0.5
25142,0.5
13784,0.5
50926,0.5
43230,0.5
46086,0.5
55890,0.5
42421,0.5
25881,0.5
14128,0.5
37470,0.5
48432,0.5
10842,0.5
33759,0.5
37223,0.5
31326,0.5
37494,0.5
52961,0.5
33628,0.5
41542,0.5
33791,0.5
53500,0.5
34278,0.5
42037,0.5
24513,0.5
34477,0.5
38880,0.5
45869,0.5
18075,0.5
17952,0.5
54272,0.5
45313,0.5
43818,0.5
16211,0.5
55767,0.5
28667,0.5
24334,0.5
29662,0.5
54601,0.5
34746,0.5
39060,0.5
28734,0.5
35678,0.5
21586,0.5
34377,0.5
28981,0.5
20363,0.5
25064,0.5
53205,0.5
55632,0.5
13908,0.5
11434,0.5
51650,0.5
37243,0.5
34590,0.5
31905,0.5
28674,0.5
23941,0.5
14300,0.5
24395,0.5
52979,0.5
53026,0.5
45117,0.5
50181,0.5
21202,0.5
31685,0.5
28157,0.5
18412,0.5
44931,0.5
38244,0.5
51209,0.5
32370,0.5
31804,0.5
21589,0.5
41039,0.5
56376,0.5
26231,0.5
53706,0.5
34226,0.5
42631,0.5
34972,0.5
52850,0.5
26887,0.5
15318,0.5
32782,0.5
36965,0.5
51370,0.5
25552,0.5
53133,0.5
22178,0.5
35719,0.5
34902,0.5
12131,0.5
25282,0.5
37286,0.5
35173,0.5
13522,0.5
28213,0.5
15109,0.5
56389,0.5
43991,0.5
28389,0.5
31813,0.5
45988,0.5
54699,0.5
15454,0.5
24315,0.5
44754,0.5
52110,0.5
39392,0.5
11796,0.5
22818,0.5
51502,0.5
50186,0.5
54405,0.5
41402,0.5
10491,0.5
31146,0.5
41957,0.5
21095,0.5
55340,0.5
27811,0.5
22853,0.5
26280,0.5
43315,0.5
11593,0.5
34317,0.5
32525,0.5
12680,0.5
16090,0.5
31531,0.5
13118,0.5
24594,0.5
19577,0.5
42046,0.5
41126,0.5
24400,0.5
46288,0.5
13167,0.5
41723,0.5
31191,0.5
33107,0.5
26297,0.5
32056,0.5
39003,0.5
22527,0.5
31680,0.5
21831,0.5
47705,0.5
28133,0.5
49458,0.5
40609,0.5
52826,0.5
29842,0.5
32386,0.5
23471,0.5
46944,0.5
16630,0.5
37859,0.5
23815,0.5
13677,0.5
24304,0.5
11863,0.5
25595,0.5
31473,0.5
13465,0.5
43793,0.5
21593,0.5
50765,0.5
33811,0.5
21365,0.5
17715,0.5
43641,0.5
23102,0.5
53119,0.5
26405,0.5
19533,0.5
16493,0.5
50755,0.5
14102,0.5
43457,0.5
54555,0.5
38011,0.5
40338,0.5
40608,0.5
43973,0.5
52624,0.5
15103,0.5
39326,0.5
20967,0.5
45822,0.5
30250,0.5
34680,0.5
32634,0.5
22227,0.5
17054,0.5
28560,0.5
33017,0.5
45728,0.5
45698,0.5
44930,0.5
21189,0.5
47772,0.5
43983,0.5
17353,0.5
25343,0.5
42174,0.5
39687,0.5
36337,0.5
39858,0.5
46546,0.5
14862,0.5
35676,0.5
12340,0.5
22983,0.5
12712,0.5
13212,0.5
53016,0.5
52090,0.5
38245,0.5
25914,0.5
32728,0.5
52569,0.5
15552,0.5
47815,0.5
21801,0.5
48896,0.5
30578,0.5
51718,0.5
22369,0.5
17670,0.5
56679,0.5
10618,0.5
27335,0.5
44696,0.5
32536,0.5
40474,0.5
22874,0.5
53823,0.5
50114,0.5
21258,0.5
15802,0.5
11625,0.5
49608,0.5
24569,0.5
33702,0.5
56390,0.5
37941,0.5
41106,0.5
45026,0.5
47145,0.5
53622,0.5
27190,0.5
26341,0.5
38970,0.5
26808,0.5
30456,0.5
23818,0.5
19731,0.5
31360,0.5
22354,0.5
28190,0.5
48316,0.5
48613,0.5
55457,0.5
44686,0.5
12840,0.5
55859,0.5
38385,0.5
18218,0.5
43350,0.5
51353,0.5
47559,0.5
38890,0.5
42643,0.5
19608,0.5
18308,0.5
31664,0.5
32218,0.5
43120,0.5
57046,0.5
40077,0.5
21729,0.5
52456,0.5
47268,0.5
54021,0.5
11267,0.5
17762,0.5
55075,0.5
47241,0.5
19993,0.5
52097,0.5
52001,0.5
26662,0.5
38317,0.5
10355,0.5
46286,0.5
57013,0.5
20911,0.5
19650,0.5
51228,0.5
10217,0.5
22197,0.5
31995,0.5
10549,0.5
13288,0.5
17087,0.5
22893,0.5
25319,0.5
20300,0.5
39699,0.5
34504,0.5
48215,0.5
31299,0.5
57139,0.5
49730,0.5
17671,0.5
26991,0.5
23240,0.5
10991,0.5
18118,0.5
56611,0.5
53661,0.5
35192,0.5
56860,0.5
42435,0.5
49962,0.5
18223,0.5
27805,0.5
33064,0.5
41782,0.5
15504,0.5
53964,0.5
38308,0.5
42557,0.5
27831,0.5
10377,0.5
26089,0.5
37953,0.5
28827,0.5
10482,0.5
54501,0.5
15541,0.5
18721,0.5
56673,0.5
35977,0.5
46819,0.5
47310,0.5
20160,0.5
14034,0.5
48828,0.5
31963,0.5
23122,0.5
27981,0.5
31849,0.5
38387,0.5
37507,0.5
55692,0.5
37153,0.5
33581,0.5
47197,0.5
47943,0.5
55338,0.5
36730,0.5
44369,0.5
51617,0.5
20264,0.5
14477,0.5
14749,0.5
22580,0.5
14471,0.5
33109,0.5
46524,0.5
47500,0.5
45283,0.5
25392,0.5
15519,0.5
17973,0.5
27047,0.5
47332,0.5
48906,0.5
16297,0.5
29289,0.5
22758,0.5
22863,0.5
42240,0.5
10801,0.5
34449,0.5
56929,0.5
54200,0.5
53143,0.5
15648,0.5
31052,0.5
19584,0.5
24952,0.5
42640,0.5
39042,0.5
34994,0.5
50739,0.5
52827,0.5
43766,0.5
12775,0.5
30229,0.5
20011,0.5
30398,0.5
16847,0.5
48441,0.5
12616,0.5
20146,0.5
19645,0.5
25736,0.5
16020,0.5
45406,0.5
40431,0.5
27084,0.5
32773,0.5
10720,0.5
49024,0.5
28937,0.5
23422,0.5
39050,0.5
44698,0.5
36609,0.5
14304,0.5
34591,0.5
27750,0.5
29460,0.5
56702,0.5
44906,0.5
24170,0.5
23297,0.5
49991,0.5
36931,0.5
30941,0.5
54931,0.5
25706,0.5
40928,0.5
54255,0.5
21348,0.5
39961,0.5
39236,0.5
39256,0.5
55759,0.5
17902,0.5
32911,0.5
32497,0.5
10235,0.5
33715,0.5
10351,0.5
15795,0.5
13555,0.5
11206,0.5
17292,0.5
37145,0.5
17445,0.5
24826,0.5
12262,0.5
17288,0.5
51202,0.5
26782,0.5
38795,0.5
16081,0.5
44857,0.5
23693,0.5
40181,0.5
27278,0.5
37575,0.5
30546,0.5
32986,0.5
51314,0.5
33911,0.5
28811,0.5
10263,0.5
37712,0.5
39249,0.5
39809,0.5
54180,0.5
34190,0.5
24949,0.5
52276,0.5
41575,0.5
53746,0.5
18032,0.5
44642,0.5
18503,0.5
56826,0.5
15663,0.5
55277,0.5
35885,0.5
21484,0.5
17154,0.5
35034,0.5
13191,0.5
41790,0.5
18649,0.5
34979,0.5
41783,0.5
52955,0.5
48690,0.5
19033,0.5
29993,0.5
14111,0.5
54787,0.5
41759,0.5
10266,0.5
33014,0.5
16135,0.5
14753,0.5
12050,0.5
20328,0.5
11885,0.5
56101,0.5
21149,0.5
33698,0.5
24086,0.5
27996,0.5
11134,0.5
48356,0.5
25416,0.5
42029,0.5
45214,0.5
14519,0.5
15824,0.5
11195,0.5
41560,0.5
15913,0.5
56582,0.5
12072,0.5
49695,0.5
28428,0.5
30817,0.5
51169,0.5
55543,0.5
46426,0.5
10883,0.5
17190,0.5
53047,0.5
15576,0.5
39525,0.5
48759,0.5
49196,0.5
47400,0.5
15871,0.5
23578,0.5
23021,0.5
49192,0.5
38140,0.5
14941,0.5
16013,0.5
15327,0.5
13998,0.5
46134,0.5
42308,0.5
15625,0.5
49944,0.5
12970,0.5
17852,0.5
19625,0.5
20929,0.5
14933,0.5
15153,0.5
30041,0.5
24517,0.5
15166,0.5
52588,0.5
32395,0.5
40738,0.5
43344,0.5
23259,0.5
44873,0.5
36009,0.5
34769,0.5
16526,0.5
11988,0.5
46024,0.5
42746,0.5
51182,0.5
55983,0.5
25243,0.5
42510,0.5
34506,0.5
55558,0.5
31942,0.5
49323,0.5
11906,0.5
32951,0.5
32661,0.5
27786,0.5
32701,0.5
53683,0.5
14645,0.5
56267,0.5
45425,0.5
36811,0.5
55367,0.5
11011,0.5
18939,0.5
53008,0.5
25636,0.5
18778,0.5
36384,0.5
46297,0.5
12371,0.5
51577,0.5
50847,0.5
19361,0.5
35327,0.5
40929,0.5
39850,0.5
55954,0.5
11902,0.5
20921,0.5
29119,0.5
44769,0.5
34417,0.5
29766,0.5
51957,0.5
43943,0.5
32581,0.5
32908,0.5
35135,0.5
17799,0.5
52583,0.5
54384,0.5
16041,0.5
45420,0.5
21306,0.5
45076,0.5
11857,0.5
13962,0.5
28945,0.5
46113,0.5
19929,0.5
42425,0.5
37216,0.5
52951,0.5
36141,0.5
44645,0.5
22426,0.5
29754,0.5
31547,0.5
11659,0.5
42286,0.5
50075,0.5
26907,0.5
29346,0.5
31855,0.5
56129,0.5
10966,0.5
19050,0.5
10639,0.5
27597,0.5
47154,0.5
30152,0.5
44294,0.5
48794,0.5
23124,0.5
41850,0.5
15369,0.5
11553,0.5
44226,0.5
39048,0.5
57025,0.5
44020,0.5
17132,0.5
37194,0.5
36146,0.5
55334,0.5
44785,0.5
23782,0.5
56481,0.5
46991,0.5
26730,0.5
16402,0.5
19210,0.5
11233,0.5
17195,0.5
21659,0.5
17763,0.5
54122,0.5
11045,0.5
28999,0.5
17801,0.5
52375,0.5
54023,0.5
11361,0.5
12411,0.5
38268,0.5
29406,0.5
10752,0.5
47287,0.5
41516,0.5
52334,0.5
34187,0.5
31554,0.5
50692,0.5
42239,0.5
53936,0.5
22252,0.5
48614,0.5
18006,0.5
34538,0.5
32913,0.5
47226,0.5
38086,0.5
19171,0.5
31505,0.5
22946,0.5
14949,0.5
17540,0.5
23040,0.5
35269,0.5
36538,0.5
20665,0.5
47494,0.5
18543,0.5
27111,0.5
25812,0.5
38569,0.5
46597,0.5
24128,0.5
37089,0.5
15346,0.5
56539,0.5
24857,0.5
14275,0.5
40206,0.5
22020,0.5
39846,0.5
47351,0.5
42065,0.5
24842,0.5
55564,0.5
51816,0.5
18416,0.5
41460,0.5
26080,0.5
43336,0.5
27592,0.5
23357,0.5
38223,0.5
19299,0.5
53773,0.5
34260,0.5
39141,0.5
18314,0.5
47007,0.5
50176,0.5
40019,0.5
26705,0.5
46300,0.5
19879,0.5
49891,0.5
48996,0.5
29973,0.5
17294,0.5
47322,0.5
23424,0.5
23178,0.5
12512,0.5
31148,0.5
14333,0.5
53942,0.5
22526,0.5
44233,0.5
31534,0.5
38693,0.5
27868,0.5
38961,0.5
13927,0.5
21549,0.5
36860,0.5
10603,0.5
49533,0.5
55487,0.5
45495,0.5
44834,0.5
40222,0.5
36917,0.5
57009,0.5
48457,0.5
33509,0.5
17667,0.5
54816,0.5
52084,0.5
52930,0.5
51861,0.5
38100,0.5
30297,0.5
56393,0.5
15771,0.5
13147,0.5
28207,0.5
41260,0.5
40140,0.5
26172,0.5
17676,0.5
10950,0.5
11004,0.5
30902,0.5
20504,0.5
14276,0.5
30106,0.5
17036,0.5
44077,0.5
46789,0.5
10687,0.5
43129,0.5
12268,0.5
12451,0.5
56278,0.5
29081,0.5
26722,0.5
19218,0.5
34530,0.5
45175,0.5
10064,0.5
54574,0.5
26223,0.5
12496,0.5
34678,0.5
55014,0.5
33517,0.5
37721,0.5
31107,0.5
14177,0.5
27100,0.5
33747,0.5
10130,0.5
16710,0.5
39825,0.5
14474,0.5
47565,0.5
54342,0.5
32619,0.5
54373,0.5
21563,0.5
45917,0.5
30668,0.5
18930,0.5
22429,0.5
42523,0.5
22627,0.5
21886,0.5
15358,0.5
20057,0.5
16927,0.5
38060,0.5
13747,0.5
12654,0.5
25210,0.5
50868,0.5
12609,0.5
31325,0.5
49521,0.5
30131,0.5
46039,0.5
42092,0.5
32745,0.5
50590,0.5
36752,0.5
42762,0.5
23688,0.5
11355,0.5
49395,0.5
14216,0.5
52649,0.5
37627,0.5
51221,0.5
42324,0.5
25979,0.5
37315,0.5
54665,0.5
45046,0.5
51661,0.5
16818,0.5
10909,0.5
44469,0.5
42591,0.5
15500,0.5
14038,0.5
18729,0.5
50733,0.5
10450,0.5
49058,0.5
50685,0.5
30459,0.5
27307,0.5
43242,0.5
32483,0.5
42423,0.5
39259,0.5
40945,0.5
55034,0.5
52587,0.5
38936,0.5
16793,0.5
54724,0.5
17546,0.5
26127,0.5
36191,0.5
19794,0.5
48808,0.5
55274,0.5
37614,0.5
50571,0.5
43627,0.5
42655,0.5
31009,0.5
22902,0.5
36261,0.5
10865,0.5
10245,0.5
50773,0.5
52012,0.5
11631,0.5
18678,0.5
38304,0.5
46228,0.5
39485,0.5
16581,0.5
50861,0.5
41890,0.5
26072,0.5
24196,0.5
49829,0.5
29830,0.5
48220,0.5
28663,0.5
56060,0.5
50190,0.5
51106,0.5
26624,0.5
27431,0.5
48394,0.5
48452,0.5
56689,0.5
26434,0.5
35446,0.5
27077,0.5
26634,0.5
40513,0.5
44218,0.5
21700,0.5
21777,0.5
45800,0.5
28313,0.5
20274,0.5
10036,0.5
35823,0.5
43149,0.5
40629,0.5
13787,0.5
10041,0.5
38924,0.5
53449,0.5
45353,0.5
46520,0.5
56180,0.5
55297,0.5
14965,0.5
41795,0.5
30844,0.5
29844,0.5
23086,0.5
55201,0.5
51413,0.5
42969,0.5
39471,0.5
40263,0.5
21464,0.5
27419,0.5
34207,0.5
55831,0.5
23133,0.5
23187,0.5
55504,0.5
23234,0.5
15846,0.5
55870,0.5
13693,0.5
56314,0.5
54199,0.5
24271,0.5
43217,0.5
51211,0.5
14836,0.5
12909,0.5
23977,0.5
34163,0.5
42418,0.5
50983,0.5
26993,0.5
45033,0.5
23949,0.5
37215,0.5
25571,0.5
12181,0.5
12911,0.5
56818,0.5
39466,0.5
17211,0.5
47679,0.5
53365,0.5
55518,0.5
21685,0.5
53641,0.5
55328,0.5
51893,0.5
17347,0.5
53031,0.5
55396,0.5
47225,0.5
10446,0.5
37083,0.5
47307,0.5
18286,0.5
16435,0.5
11628,0.5
54351,0.5
43584,0.5
14296,0.5
33063,0.5
21923,0.5
55460,0.5
19158,0.5
35154,0.5
34825,0.5
45782,0.5
53924,0.5
22963,0.5
56002,0.5
27101,0.5
55968,0.5
47130,0.5
13408,0.5
19967,0.5
13984,0.5
55217,0.5
17375,0.5
47846,0.5
19635,0.5
23185,0.5
25498,0.5
49440,0.5
19531,0.5
32981,0.5
28956,0.5
56100,0.5
56653,0.5
13760,0.5
25028,0.5
34726,0.5
40902,0.5
51004,0.5
42765,0.5
37538,0.5
19026,0.5
24910,0.5
12524,0.5
53213,0.5
54525,0.5
24939,0.5
32960,0.5
12424,0.5
16147,0.5
56411,0.5
35588,0.5
26586,0.5
48358,0.5
44900,0.5
23749,0.5
12152,0.5
35599,0.5
32586,0.5
30952,0.5
40972,0.5
45768,0.5
21780,0.5
53692,0.5
34691,0.5
33050,0.5
22208,0.5
17876,0.5
22517,0.5
50813,0.5
11626,0.5
47024,0.5
44755,0.5
26201,0.5
22551,0.5
46927,0.5
13623,0.5
56404,0.5
33766,0.5
26396,0.5
23768,0.5
42551,0.5
32935,0.5
21244,0.5
36935,0.5
16599,0.5
14491,0.5
33241,0.5
24442,0.5
41484,0.5
19078,0.5
56194,0.5
28248,0.5
31815,0.5
15535,0.5
44594,0.5
41311,0.5
17727,0.5
14318,0.5
33205,0.5
31676,0.5
56740,0.5
30015,0.5
44219,0.5
50889,0.5
22165,0.5
29297,0.5
14893,0.5
32966,0.5
38211,0.5
42883,0.5
38340,0.5
54078,0.5
33622,0.5
29681,0.5
26202,0.5
30628,0.5
10249,0.5
12423,0.5
40713,0.5
43114,0.5
38191,0.5
41065,0.5
35384,0.5
22350,0.5
45355,0.5
10676,0.5
15012,0.5
47828,0.5
50955,0.5
28724,0.5
21615,0.5
14253,0.5
14377,0.5
10743,0.5
49056,0.5
41582,0.5
11769,0.5
14643,0.5
46593,0.5
39034,0.5
52487,0.5
36049,0.5
50631,0.5
44937,0.5
46351,0.5
56562,0.5
19764,0.5
50829,0.5
25453,0.5
11595,0.5
47607,0.5
51030,0.5
33745,0.5
43528,0.5
17064,0.5
40051,0.5
54976,0.5
31468,0.5
49796,0.5
25331,0.5
43267,0.5
50982,0.5
38436,0.5
16445,0.5
20052,0.5
41100,0.5
11977,0.5
32730,0.5
36830,0.5
20395,0.5
28002,0.5
35270,0.5
25679,0.5
24280,0.5
24424,0.5
35930,0.5
25376,0.5
24473,0.5
54993,0.5
55625,0.5
45001,0.5
32632,0.5
10742,0.5
42117,0.5
18128,0.5
40021,0.5
41366,0.5
27194,0.5
25903,0.5
33716,0.5
31550,0.5
14596,0.5
51793,0.5
51662,0.5
20002,0.5
46164,0.5
52695,0.5
53410,0.5
13273,0.5
13852,0.5
12446,0.5
45716,0.5
23893,0.5
52413,0.5
38973,0.5
14930,0.5
26792,0.5
11040,0.5
53544,0.5
24714,0.5
41517,0.5
10486,0.5
56346,0.5
55115,0.5
18195,0.5
39500,0.5
11778,0.5
19946,0.5
44484,0.5
24026,0.5
11362,0.5
34608,0.5
30587,0.5
39883,0.5
55498,0.5
16693,0.5
19249,0.5
57073,0.5
32854,0.5
20897,0.5
54592,0.5
14306,0.5
12495,0.5
35893,0.5
35684,0.5
41570,0.5
14909,0.5
49808,0.5
38884,0.5
28026,0.5
56555,0.5
32749,0.5
54784,0.5
26294,0.5
51102,0.5
45150,0.5
53872,0.5
17479,0.5
30138,0.5
40991,0.5
37598,0.5
14929,0.5
33412,0.5
25072,0.5
24072,0.5
55982,0.5
20376,0.5
45421,0.5
14116,0.5
25741,0.5
12541,0.5
18991,0.5
29032,0.5
18478,0.5
54344,0.5
33522,0.5
47677,0.5
50375,0.5
33736,0.5
49598,0.5
46747,0.5
17184,0.5
52257,0.5
32204,0.5
47039,0.5
56470,0.5
23113,0.5
12347,0.5
19362,0.5
44251,0.5
22547,0.5
29769,0.5
20596,0.5
13596,0.5
10939,0.5
44716,0.5
52608,0.5
21528,0.5
26920,0.5
49053,0.5
28928,0.5
16154,0.5
46627,0.5
51227,0.5
53345,0.5
45101,0.5
35082,0.5
24865,0.5
42262,0.5
29845,0.5
20218,0.5
48845,0.5
55029,0.5
53776,0.5
29054,0.5
19679,0.5
15192,0.5
50710,0.5
16721,0.5
29539,0.5
14546,0.5
29774,0.5
42221,0.5
36567,0.5
33231,0.5
50539,0.5
42287,0.5
41041,0.5
47236,0.5
29979,0.5
29064,0.5
42361,0.5
33643,0.5
30129,0.5
17494,0.5
45372,0.5
18084,0.5
30954,0.5
45539,0.5
38479,0.5
23920,0.5
29601,0.5
29525,0.5
11686,0.5
20273,0.5
39987,0.5
12306,0.5
29084,0.5
52816,0.5
15814,0.5
33410,0.5
14573,0.5
14408,0.5
47302,0.5
10715,0.5
50863,0.5
18449,0.5
33396,0.5
43163,0.5
51722,0.5
54455,0.5
30202,0.5
37956,0.5
19904,0.5
34743,0.5
22608,0.5
49857,0.5
15731,0.5
43887,0.5
20095,0.5
18999,0.5
45795,0.5
22355,0.5
54158,0.5
50127,0.5
53268,0.5
27434,0.5
55169,0.5
43704,0.5
45392,0.5
54833,0.5
56584,0.5
29572,0.5
47030,0.5
20598,0.5
54806,0.5
18209,0.5
39002,0.5
36385,0.5
27123,0.5
35433,0.5
20704,0.5
24120,0.5
27663,0.5
22567,0.5
52040,0.5
27639,0.5
50724,0.5
20373,0.5
53610,0.5
26814,0.5
30018,0.5
35641,0.5
15817,0.5
52367,0.5
12364,0.5
48626,0.5
17483,0.5
17644,0.5
11336,0.5
26145,0.5
25077,0.5
37277,0.5
48672,0.5
41808,0.5
19729,0.5
28030,0.5
14979,0.5
25703,0.5
25238,0.5
49653,0.5
13466,0.5
18446,0.5
53435,0.5
10496,0.5
26272,0.5
28056,0.5
11879,0.5
29402,0.5
43260,0.5
13287,0.5
16901,0.5
53864,0.5
46856,0.5
39234,0.5
29013,0.5
31375,0.5
17844,0.5
31456,0.5
11941,0.5
28897,0.5
29259,0.5
50332,0.5
51931,0.5
52899,0.5
31990,0.5
31258,0.5
42653,0.5
24621,0.5
46192,0.5
42149,0.5
35504,0.5
30742,0.5
56049,0.5
50679,0.5
49234,0.5
23013,0.5
36497,0.5
52703,0.5
28176,0.5
42385,0.5
30919,0.5
38527,0.5
46130,0.5
44100,0.5
42038,0.5
26602,0.5
57014,0.5
17562,0.5
27992,0.5
39501,0.5
40613,0.5
10503,0.5
46636,0.5
44765,0.5
14482,0.5
40056,0.5
54069,0.5
18073,0.5
14473,0.5
39896,0.5
19322,0.5
20038,0.5
41072,0.5
21392,0.5
22109,0.5
40259,0.5
16931,0.5
27157,0.5
18929,0.5
33597,0.5
40341,0.5
34230,0.5
54416,0.5
10721,0.5
42549,0.5
15185,0.5
38750,0.5
20770,0.5
42679,0.5
15904,0.5
53223,0.5
15259,0.5
19289,0.5
29321,0.5
15634,0.5
32105,0.5
34482,0.5
33920,0.5
42367,0.5
21128,0.5
51291,0.5
41127,0.5
40178,0.5
31478,0.5
56833,0.5
16213,0.5
39793,0.5
51634,0.5
28471,0.5
19709,0.5
13979,0.5
54271,0.5
50914,0.5
50253,0.5
46809,0.5
13302,0.5
53116,0.5
33571,0.5
38155,0.5
14527,0.5
34768,0.5
54593,0.5
17934,0.5
56780,0.5
45868,0.5
36095,0.5
46048,0.5
28851,0.5
49389,0.5
15302,0.5
18414,0.5
26113,0.5
33735,0.5
21131,0.5
49594,0.5
23461,0.5
18146,0.5
31454,0.5
39241,0.5
15083,0.5
25350,0.5
57084,0.5
25235,0.5
21904,0.5
56463,0.5
31026,0.5
53652,0.5
24475,0.5
41837,0.5
47918,0.5
12338,0.5
24766,0.5
15570,0.5
24538,0.5
48804,0.5
29543,0.5
46821,0.5
32766,0.5
22298,0.5
34905,0.5
17262,0.5
27458,0.5
42380,0.5
56631,0.5
45278,0.5
34952,0.5
40950,0.5
48133,0.5
55343,0.5
35600,0.5
42670,0.5
54017,0.5
37605,0.5
40495,0.5
39550,0.5
40540,0.5
30156,0.5
30977,0.5
20026,0.5
47323,0.5
17434,0.5
31014,0.5
32691,0.5
39821,0.5
33792,0.5
21044,0.5
38040,0.5
37337,0.5
49526,0.5
46852,0.5
24430,0.5
18507,0.5
18621,0.5
39318,0.5
21229,0.5
33077,0.5
53752,0.5
12507,0.5
18250,0.5
40698,0.5
29022,0.5
25813,0.5
33928,0.5
40813,0.5
45043,0.5
45253,0.5
13609,0.5
14121,0.5
36817,0.5
45671,0.5
31206,0.5
18832,0.5
35820,0.5
56983,0.5
15561,0.5
18122,0.5
24292,0.5
46235,0.5
12225,0.5
46780,0.5
47414,0.5
20791,0.5
47324,0.5
23375,0.5
52149,0.5
11979,0.5
45622,0.5
19874,0.5
12809,0.5
25774,0.5
43996,0.5
30700,0.5
26260,0.5
27820,0.5
39106,0.5
13523,0.5
55637,0.5
18337,0.5
28614,0.5
30662,0.5
13661,0.5
13779,0.5
15093,0.5
19829,0.5
51947,0.5
14265,0.5
27591,0.5
38608,0.5
38281,0.5
26532,0.5
46121,0.5
30688,0.5
17330,0.5
25644,0.5
40304,0.5
54856,0.5
10653,0.5
38106,0.5
54636,0.5
19806,0.5
30913,0.5
23427,0.5
19805,0.5
32970,0.5
20861,0.5
46267,0.5
45272,0.5
40711,0.5
50235,0.5
26395,0.5
25917,0.5
22418,0.5
24433,0.5
25613,0.5
54215,0.5
10017,0.5
22535,0.5
49231,0.5
32732,0.5
40593,0.5
55231,0.5
17451,0.5
50115,0.5
19877,0.5
52223,0.5
55147,0.5
40952,0.5
42931,0.5
13176,0.5
35947,0.5
25320,0.5
12036,0.5
56901,0.5
47237,0.5
28989,0.5
22198,0.5
19398,0.5
35042,0.5
44826,0.5
24574,0.5
52141,0.5
19058,0.5
20512,0.5
44467,0.5
18362,0.5
15516,0.5
20506,0.5
27604,0.5
16043,0.5
16128,0.5
12111,0.5
11725,0.5
11166,0.5
18334,0.5
17919,0.5
54132,0.5
47422,0.5
48729,0.5
15002,0.5
16044,0.5
51002,0.5
31736,0.5
31018,0.5
37656,0.5
32850,0.5
21860,0.5
14732,0.5
47213,0.5
24748,0.5
42126,0.5
21104,0.5
47978,0.5
26619,0.5
17058,0.5
12060,0.5
42136,0.5
11348,0.5
50372,0.5
35785,0.5
31668,0.5
31943,0.5
31448,0.5
21669,0.5
17062,0.5
43218,0.5
42784,0.5
20179,0.5
16000,0.5
50626,0.5
55772,0.5
26913,0.5
53654,0.5
31320,0.5
33612,0.5
48689,0.5
15910,0.5
48982,0.5
22933,0.5
24283,0.5
40310,0.5
55740,0.5
55059,0.5
22582,0.5
18831,0.5
48214,0.5
35128,0.5
23160,0.5
50382,0.5
29389,0.5
16543,0.5
24804,0.5
55463,0.5
47893,0.5
28112,0.5
15505,0.5
31901,0.5
39487,0.5
48774,0.5
17199,0.5
43850,0.5
46693,0.5
45748,0.5
33976,0.5
32569,0.5
11393,0.5
22632,0.5
15569,0.5
34568,0.5
48881,0.5
32109,0.5
34445,0.5
38142,0.5
54959,0.5
53348,0.5
36219,0.5
13061,0.5
14903,0.5
14297,0.5
49904,0.5
28601,0.5
51519,0.5
12985,0.5
31475,0.5
19573,0.5
41622,0.5
41543,0.5
35479,0.5
41028,0.5
16545,0.5
35587,0.5
29065,0.5
56312,0.5
53725,0.5
43492,0.5
52452,0.5
22592,0.5
50514,0.5
44924,0.5
51714,0.5
11947,0.5
33131,0.5
24667,0.5
46470,0.5
15098,0.5
33076,0.5
51751,0.5
39085,0.5
53426,0.5
39780,0.5
52018,0.5
54339,0.5
35756,0.5
39209,0.5
22033,0.5
46606,0.5
33730,0.5
23861,0.5
34750,0.5
21036,0.5
31706,0.5
47219,0.5
38092,0.5
37488,0.5
56345,0.5
22994,0.5
23665,0.5
41849,0.5
31644,0.5
33864,0.5
11167,0.5
11278,0.5
56969,0.5
18241,0.5
17662,0.5
27476,0.5
17051,0.5
37984,0.5
10215,0.5
47588,0.5
27836,0.5
44263,0.5
52161,0.5
34945,0.5
22180,0.5
19221,0.5
50093,0.5
52393,0.5
54799,0.5
37757,0.5
39383,0.5
17548,0.5
43771,0.5
16207,0.5
27567,0.5
21629,0.5
27061,0.5
28355,0.5
33685,0.5
16632,0.5
50551,0.5
16964,0.5
19713,0.5
18680,0.5
39554,0.5
22066,0.5
23751,0.5
35009,0.5
33020,0.5
34853,0.5
41257,0.5
54244,0.5
23618,0.5
23435,0.5
24092,0.5
50648,0.5
35917,0.5
19179,0.5
52664,0.5
43136,0.5
56994,0.5
10444,0.5
10385,0.5
41838,0.5
50335,0.5
30162,0.5
31144,0.5
53334,0.5
32227,0.5
43387,0.5
56874,0.5
12658,0.5
31979,0.5
29213,0.5
31327,0.5
23397,0.5
37003,0.5
40364,0.5
28730,0.5
30747,0.5
39448,0.5
12519,0.5
44766,0.5
33424,0.5
18884,0.5
25989,0.5
49468,0.5
31253,0.5
32992,0.5
43925,0.5
18472,0.5
44168,0.5
51530,0.5
21533,0.5
28639,0.5
37103,0.5
52809,0.5
30810,0.5
28159,0.5
29291,0.5
26220,0.5
14468,0.5
24549,0.5
12490,0.5
24371,0.5
16861,0.5
53066,0.5
51308,0.5
53412,0.5
49734,0.5
35669,0.5
21958,0.5
18108,0.5
39406,0.5
34302,0.5
42348,0.5
33084,0.5
11952,0.5
30242,0.5
28340,0.5
32594,0.5
20424,0.5
22995,0.5
14880,0.5
52702,0.5
41756,0.5
53398,0.5
49180,0.5
44105,0.5
11682,0.5
14445,0.5
35881,0.5
18461,0.5
40766,0.5
19937,0.5
35702,0.5
26888,0.5
17922,0.5
15242,0.5
29671,0.5
23250,0.5
15229,0.5
38642,0.5
42956,0.5
30179,0.5
43349,0.5
33473,0.5
52138,0.5
31912,0.5
22795,0.5
50820,0.5
37159,0.5
46328,0.5
33807,0.5
52439,0.5
17172,0.5
27212,0.5
20474,0.5
27396,0.5
38618,0.5
36689,0.5
48439,0.5
49663,0.5
52226,0.5
48184,0.5
21476,0.5
10947,0.5
30981,0.5
14663,0.5
23648,0.5
21233,0.5
39691,0.5
46564,0.5
56837,0.5
43918,0.5
11009,0.5
41885,0.5
34501,0.5
55664,0.5
51292,0.5
55489,0.5
54073,0.5
45112,0.5
48831,0.5
27275,0.5
54855,0.5
15774,0.5
28013,0.5
11831,0.5
14174,0.5
23081,0.5
24721,0.5
44192,0.5
32061,0.5
49121,0.5
54798,0.5
46803,0.5
33592,0.5
35916,0.5
22573,0.5
36987,0.5
42561,0.5
12516,0.5
16779,0.5
19441,0.5
41208,0.5
53852,0.5
46251,0.5
33418,0.5
29709,0.5
37840,0.5
55993,0.5
26901,0.5
51713,0.5
27641,0.5
32372,0.5
52982,0.5
31423,0.5
28971,0.5
22759,0.5
34951,0.5
27860,0.5
29610,0.5
32963,0.5
12564,0.5
24225,0.5
41280,0.5
41047,0.5
19001,0.5
31104,0.5
13497,0.5
27241,0.5
30552,0.5
30237,0.5
22055,0.5
27926,0.5
32652,0.5
29197,0.5
13362,0.5
44185,0.5
27601,0.5
35760,0.5
25555,0.5
34999,0.5
18232,0.5
30603,0.5
48914,0.5
48991,0.5
16085,0.5
39932,0.5
49470,0.5
19725,0.5
11469,0.5
51108,0.5
31582,0.5
49633,0.5
23326,0.5
48491,0.5
26641,0.5
45218,0.5
53701,0.5
40828,0.5
13741,0.5
22111,0.5
56840,0.5
41547,0.5
54332,0.5
31940,0.5
32926,0.5
16374,0.5
13905,0.5
48118,0.5
32355,0.5
55060,0.5
45831,0.5
34396,0.5
19486,0.5
31250,0.5
22492,0.5
52224,0.5
41718,0.5
46058,0.5
46296,0.5
54381,0.5
36318,0.5
49263,0.5
37074,0.5
54753,0.5
24617,0.5
48318,0.5
49109,0.5
54994,0.5
31565,0.5
37095,0.5
51159,0.5
28449,0.5
56586,0.5
41491,0.5
46349,0.5
53156,0.5
40475,0.5
33301,0.5
25661,0.5
41671,0.5
12544,0.5
55797,0.5
47408,0.5
38451,0.5
13572,0.5
45019,0.5
34198,0.5
51307,0.5
39396,0.5
24712,0.5
10054,0.5
20846,0.5
22493,0.5
48282,0.5
35569,0.5
12562,0.5
19318,0.5
27261,0.5
25658,0.5
23676,0.5
13736,0.5
44237,0.5
16863,0.5
36263,0.5
19157,0.5
32895,0.5
43504,0.5
32381,0.5
54904,0.5
47787,0.5
54651,0.5
36979,0.5
34307,0.5
35781,0.5
18339,0.5
33183,0.5
48822,0.5
26936,0.5
40816,0.5
14797,0.5
17486,0.5
10638,0.5
21851,0.5
51998,0.5
18101,0.5
48683,0.5
19857,0.5
38648,0.5
11987,0.5
31596,0.5
15245,0.5
11309,0.5
39273,0.5
36172,0.5
36722,0.5
28800,0.5
40668,0.5
28518,0.5
40942,0.5
52436,0.5
26051,0.5
15847,0.5
25303,0.5
52734,0.5
32590,0.5
18526,0.5
17225,0.5
50315,0.5
49243,0.5
44604,0.5
31488,0.5
39084,0.5
44620,0.5
14548,0.5
49251,0.5
35096,0.5
13203,0.5
15222,0.5
42959,0.5
51064,0.5
30103,0.5
41975,0.5
49646,0.5
38505,0.5
46582,0.5
23769,0.5
23027,0.5
38914,0.5
43204,0.5
15167,0.5
39956,0.5
33492,0.5
53199,0.5
19971,0.5
42068,0.5
51808,0.5
41202,0.5
21842,0.5
56190,0.5
48748,0.5
56930,0.5
41426,0.5
20630,0.5
54347,0.5
51557,0.5
56412,0.5
44169,0.5
24221,0.5
15636,0.5
23183,0.5
48540,0.5
14354,0.5
38806,0.5
17500,0.5
26241,0.5
15654,0.5
13040,0.5
17147,0.5
21130,0.5
25732,0.5
16373,0.5
54478,0.5
36911,0.5
17161,0.5
42794,0.5
54079,0.5
54693,0.5
16554,0.5
18258,0.5
23903,0.5
29560,0.5
21469,0.5
16555,0.5
49081,0.5
45107,0.5
53177,0.5
38035,0.5
34045,0.5
46200,0.5
37118,0.5
34473,0.5
12652,0.5
24571,0.5
29526,0.5
32613,0.5
33594,0.5
17898,0.5
30423,0.5
46652,0.5
28970,0.5
29279,0.5
35834,0.5
38984,0.5
28109,0.5
46978,0.5
46967,0.5
16756,0.5
28873,0.5
41804,0.5
52670,0.5
38178,0.5
34741,0.5
40298,0.5
33129,0.5
29455,0.5
24773,0.5
44741,0.5
23155,0.5
50097,0.5
41574,0.5
45813,0.5
47527,0.5
36207,0.5
45723,0.5
24140,0.5
56074,0.5
43714,0.5
55804,0.5
43820,0.5
23570,0.5
45415,0.5
45943,0.5
40517,0.5
49150,0.5
48355,0.5
54432,0.5
44479,0.5
17906,0.5
46701,0.5
16488,0.5
39526,0.5
36131,0.5
14269,0.5
53960,0.5
10436,0.5
25135,0.5
19357,0.5
38003,0.5
41710,0.5
14698,0.5
23821,0.5
48231,0.5
33521,0.5
11417,0.5
12527,0.5
41457,0.5
10645,0.5
11688,0.5
47485,0.5
49876,0.5
32507,0.5
51667,0.5
56471,0.5
41220,0.5
48646,0.5
27439,0.5
34422,0.5
50976,0.5
55041,0.5
18825,0.5
53087,0.5
52047,0.5
21611,0.5
50277,0.5
35450,0.5
34938,0.5
30232,0.5
20448,0.5
48073,0.5
20981,0.5
55439,0.5
40242,0.5
56737,0.5
28236,0.5
35696,0.5
29867,0.5
32159,0.5
39453,0.5
34760,0.5
21311,0.5
24121,0.5
55704,0.5
29428,0.5
17661,0.5
46000,0.5
42711,0.5
45851,0.5
26601,0.5
39558,0.5
38933,0.5
33139,0.5
28430,0.5
15281,0.5
10322,0.5
40070,0.5
53258,0.5
31033,0.5
38130,0.5
45987,0.5
19347,0.5
32400,0.5
18244,0.5
51201,0.5
50185,0.5
10068,0.5
26729,0.5
26740,0.5
22621,0.5
48300,0.5
22587,0.5
35748,0.5
45978,0.5
42634,0.5
12241,0.5
31647,0.5
20144,0.5
11010,0.5
20213,0.5
18652,0.5
30989,0.5
45343,0.5
53705,0.5
31228,0.5
11450,0.5
56000,0.5
50633,0.5
20690,0.5
56904,0.5
48177,0.5
36304,0.5
21526,0.5
48967,0.5
11933,0.5
35988,0.5
29723,0.5
42768,0.5
27124,0.5
40167,0.5
35368,0.5
56294,0.5
10662,0.5
25361,0.5
21213,0.5
38371,0.5
56167,0.5
18826,0.5
17874,0.5
30405,0.5
11797,0.5
39545,0.5
30199,0.5
20601,0.5
47902,0.5
45441,0.5
17755,0.5
18501,0.5
41377,0.5
14448,0.5
51006,0.5
23416,0.5
30842,0.5
53366,0.5
31442,0.5
29655,0.5
34054,0.5
49394,0.5
48423,0.5
35970,0.5
23018,0.5
11170,0.5
56459,0.5
43121,0.5
20891,0.5
49666,0.5
27425,0.5
27063,0.5
52741,0.5
19023,0.5
38777,0.5
25905,0.5
26965,0.5
11568,0.5
51844,0.5
39269,0.5
47185,0.5
56224,0.5
22171,0.5
23951,0.5
26376,0.5
40856,0.5
41825,0.5
17637,0.5
38265,0.5
33692,0.5
10146,0.5
48631,0.5
17791,0.5
33366,0.5
23119,0.5
45086,0.5
48243,0.5
20289,0.5
44296,0.5
54955,0.5
14945,0.5
42265,0.5
26042,0.5
30442,0.5
34949,0.5
29027,0.5
47937,0.5
40261,0.5
40292,0.5
32387,0.5
51520,0.5
29090,0.5
42868,0.5
50846,0.5
11811,0.5
14963,0.5
41698,0.5
50607,0.5
50994,0.5
43352,0.5
39778,0.5
33709,0.5
13743,0.5
11103,0.5
18816,0.5
55593,0.5
44178,0.5
21877,0.5
41331,0.5
33027,0.5
18527,0.5
50581,0.5
49848,0.5
37758,0.5
43390,0.5
38831,0.5
25203,0.5
33555,0.5
38397,0.5
44880,0.5
54546,0.5
27901,0.5
22321,0.5
33153,0.5
17970,0.5
24093,0.5
24469,0.5
53905,0.5
55648,0.5
41424,0.5
19859,0.5
29407,0.5
24786,0.5
24056,0.5
42610,0.5
22292,0.5
38364,0.5
14078,0.5
29224,0.5
20240,0.5
12164,0.5
40697,0.5
27040,0.5
19404,0.5
42520,0.5
54737,0.5
48547,0.5
55420,0.5
32775,0.5
53981,0.5
35550,0.5
45246,0.5
22202,0.5
46152,0.5
46118,0.5
51288,0.5
25408,0.5
47980,0.5
45387,0.5
20471,0.5
50395,0.5
52680,0.5
19270,0.5
11992,0.5
32203,0.5
31072,0.5
27198,0.5
20523,0.5
12278,0.5
31522,0.5
17364,0.5
31970,0.5
32445,0.5
52076,0.5
41979,0.5
52157,0.5
24956,0.5
22688,0.5
56382,0.5
16595,0.5
51224,0.5
40763,0.5
41507,0.5
38045,0.5
44071,0.5
10764,0.5
32969,0.5
29678,0.5
24924,0.5
43221,0.5
32750,0.5
44279,0.5
53507,0.5
35268,0.5
26128,0.5
21522,0.5
40078,0.5
49564,0.5
32942,0.5
55155,0.5
21746,0.5
54583,0.5
53552,0.5
45729,0.5
47320,0.5
10180,0.5
33368,0.5
16528,0.5
53301,0.5
47632,0.5
10982,0.5
22591,0.5
30856,0.5
28220,0.5
11695,0.5
55257,0.5
21786,0.5
46239,0.5
52675,0.5
53718,0.5
29096,0.5
36129,0.5
22443,0.5
54419,0.5
19323,0.5
25963,0.5
47581,0.5
38280,0.5
54879,0.5
54233,0.5
31435,0.5
28075,0.5
25954,0.5
10537,0.5
28249,0.5
28020,0.5
34107,0.5
45709,0.5
56760,0.5
45619,0.5
47258,0.5
39578,0.5
10165,0.5
17704,0.5
49414,0.5
33212,0.5
44811,0.5
10174,0.5
19863,0.5
15582,0.5
28946,0.5
15180,0.5
44211,0.5
19330,0.5
20431,0.5
52842,0.5
22896,0.5
50053,0.5
25701,0.5
24976,0.5
46357,0.5
25264,0.5
29140,0.5
24587,0.5
26253,0.5
37905,0.5
31015,0.5
25166,0.5
19062,0.5
49444,0.5
27127,0.5
39099,0.5
43573,0.5
40302,0.5
35322,0.5
48854,0.5
33208,0.5
31909,0.5
46923,0.5
47314,0.5
17655,0.5
25591,0.5
17901,0.5
12403,0.5
14831,0.5
24096,0.5
43512,0.5
23394,0.5
19200,0.5
49264,0.5
51479,0.5
34059,0.5
35038,0.5
43654,0.5
22624,0.5
21411,0.5
18818,0.5
24118,0.5
27160,0.5
44066,0.5
42294,0.5
12560,0.5
21555,0.5
28905,0.5
11830,0.5
41787,0.5
27073,0.5
37205,0.5
25141,0.5
49402,0.5
14085,0.5
36545,0.5
51129,0.5
17450,0.5
38413,0.5
51425,0.5
34630,0.5
53848,0.5
41170,0.5
35238,0.5
49510,0.5
42672,0.5
11175,0.5
30723,0.5
10511,0.5
34872,0.5
55824,0.5
52814,0.5
34650,0.5
15791,0.5
37931,0.5
26644,0.5
30291,0.5
35900,0.5
43068,0.5
40843,0.5
43407,0.5
35407,0.5
10325,0.5
46650,0.5
32838,0.5
22721,0.5
42486,0.5
45169,0.5
43055,0.5
40840,0.5
23019,0.5
34970,0.5
42757,0.5
34351,0.5
15060,0.5
32046,0.5
39671,0.5
46313,0.5
34915,0.5
36364,0.5
14396,0.5
55729,0.5
27517,0.5
56231,0.5
13807,0.5
19780,0.5
39601,0.5
33373,0.5
52450,0.5
23324,0.5
32394,0.5
13469,0.5
34723,0.5
20859,0.5
14182,0.5
41064,0.5
16332,0.5
19752,0.5
11505,0.5
14891,0.5
37444,0.5
19607,0.5
28880,0.5
13804,0.5
52415,0.5
21990,0.5
55970,0.5
34481,0.5
51316,0.5
52969,0.5
11617,0.5
37209,0.5
31899,0.5
22937,0.5
55431,0.5
52145,0.5
19537,0.5
11650,0.5
45321,0.5
25455,0.5
34780,0.5
51323,0.5
15073,0.5
14795,0.5
48045,0.5
28053,0.5
11916,0.5
54865,0.5
46494,0.5
24012,0.5
15917,0.5
17710,0.5
12366,0.5
11508,0.5
17481,0.5
50777,0.5
23219,0.5
10136,0.5
23919,0.5
52914,0.5
27485,0.5
13467,0.5
16126,0.5
43616,0.5
40530,0.5
34567,0.5
48335,0.5
56214,0.5
41727,0.5
34886,0.5
47825,0.5
41905,0.5
10528,0.5
15097,0.5
43765,0.5
12073,0.5
15825,0.5
26291,0.5
16476,0.5
33860,0.5
23932,0.5
40868,0.5
15069,0.5
20628,0.5
41553,0.5
52053,0.5
27738,0.5
32075,0.5
19149,0.5
12849,0.5
16407,0.5
33510,0.5
31725,0.5
32493,0.5
38109,0.5
39348,0.5
16788,0.5
32055,0.5
36893,0.5
22474,0.5
48234,0.5
41093,0.5
21761,0.5
49923,0.5
25192,0.5
12219,0.5
13180,0.5
12951,0.5
47384,0.5
56677,0.5
26148,0.5
11960,0.5
11509,0.5
39974,0.5
28933,0.5
10315,0.5
51868,0.5
43010,0.5
41859,0.5
36758,0.5
32464,0.5
23600,0.5
43376,0.5
10293,0.5
29482,0.5
47704,0.5
54333,0.5
15857,0.5
28673,0.5
23674,0.5
50560,0.5
24222,0.5
15210,0.5
23221,0.5
28676,0.5
38164,0.5
10860,0.5
51446,0.5
24790,0.5
43023,0.5
33052,0.5
23391,0.5
49305,0.5
51637,0.5
18311,0.5
35131,0.5
33461,0.5
47595,0.5
23608,0.5
53164,0.5
34184,0.5
37991,0.5
23030,0.5
54414,0.5
24301,0.5
47693,0.5
12402,0.5
20105,0.5
25601,0.5
29517,0.5
38224,0.5
23054,0.5
34374,0.5
17041,0.5
37973,0.5
33894,0.5
12885,0.5
33664,0.5
33946,0.5
11150,0.5
35244,0.5
42728,0.5
31401,0.5
52854,0.5
23334,0.5
44954,0.5
33580,0.5
47942,0.5
38846,0.5
47309,0.5
27457,0.5
37357,0.5
52129,0.5
40172,0.5
17415,0.5
52602,0.5
32374,0.5
26776,0.5
13514,0.5
24444,0.5
30572,0.5
20902,0.5
30468,0.5
36598,0.5
38813,0.5
24360,0.5
41155,0.5
35349,0.5
35897,0.5
48223,0.5
40131,0.5
34827,0.5
33294,0.5
36533,0.5
42415,0.5
38727,0.5
34666,0.5
40421,0.5
35884,0.5
42677,0.5
54864,0.5
17859,0.5
20609,0.5
26677,0.5
30316,0.5
37411,0.5
21246,0.5
27152,0.5
11157,0.5
35625,0.5
25504,0.5
18913,0.5
12615,0.5
29562,0.5
12642,0.5
36180,0.5
43500,0.5
44342,0.5
38978,0.5
34335,0.5
17927,0.5
52453,0.5
15578,0.5
20210,0.5
47524,0.5
33905,0.5
21719,0.5
19785,0.5
20576,0.5
45529,0.5
33387,0.5
10779,0.5
42469,0.5
18891,0.5
30431,0.5
51594,0.5
29972,0.5
52194,0.5
26463,0.5
40388,0.5
40658,0.5
31003,0.5
14683,0.5
14493,0.5
51965,0.5
14180,0.5
14641,0.5
42592,0.5
37400,0.5
29423,0.5
36399,0.5
20294,0.5
19257,0.5
29026,0.5
16166,0.5
22120,0.5
25518,0.5
10681,0.5
40270,0.5
46312,0.5
33558,0.5
48373,0.5
22141,0.5
13894,0.5
47349,0.5
50547,0.5
14580,0.5
28454,0.5
48143,0.5
14754,0.5
32698,0.5
44340,0.5
41231,0.5
16608,0.5
51408,0.5
48186,0.5
45566,0.5
18396,0.5
18821,0.5
43079,0.5
21453,0.5
41327,0.5
15786,0.5
32210,0.5
22263,0.5
35011,0.5
36092,0.5
32823,0.5
24084,0.5
46149,0.5
44326,0.5
25297,0.5
48704,0.5
15797,0.5
40807,0.5
46761,0.5
38064,0.5
37259,0.5
18959,0.5
15944,0.5
32870,0.5
45254,0.5
47554,0.5
16449,0.5
19858,0.5
55779,0.5
54861,0.5
54570,0.5
41822,0.5
20319,0.5
43530,0.5
20918,0.5
46925,0.5
27253,0.5
50296,0.5
45743,0.5
20326,0.5
49341,0.5
22894,0.5
35733,0.5
19387,0.5
56761,0.5
30437,0.5
53311,0.5
18071,0.5
31734,0.5
13901,0.5
11708,0.5
17534,0.5
29640,0.5
45597,0.5
36601,0.5
37270,0.5
44197,0.5
37308,0.5
27837,0.5
10368,0.5
10611,0.5
47977,0.5
54968,0.5
12447,0.5
55100,0.5
26300,0.5
33762,0.5
18542,0.5
17144,0.5
44257,0.5
55698,0.5
18428,0.5
13646,0.5
29837,0.5
40312,0.5
33032,0.5
45697,0.5
35524,0.5
51458,0.5
36289,0.5
33525,0.5
51278,0.5
32939,0.5
52401,0.5
36663,0.5
44132,0.5
32997,0.5
48249,0.5
46345,0.5
51944,0.5
39413,0.5
52543,0.5
34296,0.5
47393,0.5
30728,0.5
17795,0.5
30886,0.5
51510,0.5
36793,0.5
28374,0.5
47521,0.5
35060,0.5
39686,0.5
29551,0.5
19319,0.5
38046,0.5
35546,0.5
18266,0.5
11433,0.5
29742,0.5
36842,0.5
21672,0.5
56079,0.5
43511,0.5
27764,0.5
32639,0.5
19568,0.5
32296,0.5
33512,0.5
17009,0.5
17742,0.5
12383,0.5
30565,0.5
43450,0.5
47770,0.5
44597,0.5
26164,0.5
46553,0.5
38070,0.5
31177,0.5
15960,0.5
56293,0.5
32136,0.5
44486,0.5
50272,0.5
38414,0.5
56747,0.5
49237,0.5
12482,0.5
19554,0.5
32282,0.5
14324,0.5
36403,0.5
54298,0.5
38124,0.5
53600,0.5
25121,0.5
50134,0.5
40122,0.5
31798,0.5
53050,0.5
55447,0.5
55780,0.5
32532,0.5
54166,0.5
23056,0.5
26852,0.5
34212,0.5
30834,0.5
13608,0.5
27378,0.5
45497,0.5
25004,0.5
29796,0.5
18090,0.5
40730,0.5
15896,0.5
18438,0.5
11652,0.5
42041,0.5
43146,0.5
32980,0.5
29067,0.5
44456,0.5
46885,0.5
24073,0.5
13093,0.5
54033,0.5
55276,0.5
32229,0.5
30835,0.5
30672,0.5
51815,0.5
28322,0.5
54906,0.5
48972,0.5
56813,0.5
24876,0.5
16444,0.5
46394,0.5
43135,0.5
49604,0.5
10840,0.5
41978,0.5
33320,0.5
49941,0.5
14323,0.5
56876,0.5
50466,0.5
24427,0.5
11964,0.5
34887,0.5
11672,0.5
41392,0.5
22907,0.5
13911,0.5
38360,0.5
21028,0.5
18512,0.5
54380,0.5
35147,0.5
52956,0.5
42111,0.5
28744,0.5
45592,0.5
31824,0.5
54524,0.5
13745,0.5
48396,0.5
52461,0.5
39788,0.5
10089,0.5
13001,0.5
21701,0.5
27994,0.5
11804,0.5
29664,0.5
13902,0.5
53448,0.5
54328,0.5
47096,0.5
39592,0.5
31128,0.5
36377,0.5
31521,0.5
35396,0.5
54394,0.5
12676,0.5
14286,0.5
41244,0.5
20848,0.5
21636,0.5
25581,0.5
16074,0.5
47211,0.5
27036,0.5
38949,0.5
48146,0.5
13183,0.5
39628,0.5
35576,0.5
38135,0.5
26215,0.5
39342,0.5
43335,0.5
17577,0.5
15254,0.5
22094,0.5
37697,0.5
32147,0.5
27562,0.5
47233,0.5
39431,0.5
33334,0.5
23786,0.5
29322,0.5
31637,0.5
57135,0.5
31946,0.5
31288,0.5
22150,0.5
51696,0.5
44286,0.5
17672,0.5
15121,0.5
41720,0.5
49609,0.5
18655,0.5
15592,0.5
20957,0.5
51618,0.5
41656,0.5
55133,0.5
13970,0.5
56777,0.5
53387,0.5
16111,0.5
31068,0.5
43090,0.5
55325,0.5
32359,0.5
38206,0.5
29445,0.5
16384,0.5
34562,0.5
28718,0.5
47574,0.5
48002,0.5
49349,0.5
52745,0.5
56882,0.5
34275,0.5
14690,0.5
39966,0.5
26154,0.5
40132,0.5
18811,0.5
15810,0.5
10563,0.5
25421,0.5
22653,0.5
33666,0.5
14197,0.5
35734,0.5
44794,0.5
35571,0.5
48484,0.5
35166,0.5
24236,0.5
42585,0.5
17171,0.5
56352,0.5
21668,0.5
22654,0.5
18444,0.5
48709,0.5
17357,0.5
18992,0.5
42844,0.5
21675,0.5
41276,0.5
56628,0.5
19233,0.5
27461,0.5
45191,0.5
25761,0.5
19418,0.5
44799,0.5
47433,0.5
34702,0.5
51146,0.5
53318,0.5
43000,0.5
29938,0.5
24097,0.5
29792,0.5
34874,0.5
18574,0.5
38098,0.5
38460,0.5
17189,0.5
56285,0.5
51774,0.5
37097,0.5
17917,0.5
42913,0.5
46506,0.5
22930,0.5
30258,0.5
19201,0.5
20646,0.5
24519,0.5
32066,0.5
38986,0.5
20087,0.5
35836,0.5
52629,0.5
12134,0.5
19099,0.5
27060,0.5
54462,0.5
37242,0.5
43794,0.5
46549,0.5
50070,0.5
26625,0.5
20719,0.5
51375,0.5
12606,0.5
52691,0.5
35681,0.5
23347,0.5
15641,0.5
16186,0.5
53118,0.5
27595,0.5
13156,0.5
53101,0.5
37870,0.5
35792,0.5
36085,0.5
35624,0.5
39892,0.5
35879,0.5
45585,0.5
56614,0.5
19296,0.5
17828,0.5
44941,0.5
22182,0.5
17461,0.5
47143,0.5
37853,0.5
30461,0.5
38948,0.5
42566,0.5
48518,0.5
43089,0.5
21240,0.5
33178,0.5
21913,0.5
25075,0.5
47201,0.5
29374,0.5
23292,0.5
55479,0.5
13735,0.5
50112,0.5
42334,0.5
39631,0.5
24458,0.5
44989,0.5
34529,0.5
47712,0.5
31914,0.5
45894,0.5
38675,0.5
30078,0.5
33319,0.5
15048,0.5
25540,0.5
18028,0.5
20479,0.5
36325,0.5
16732,0.5
37410,0.5
31712,0.5
49709,0.5
34742,0.5
35923,0.5
22677,0.5
38700,0.5
17072,0.5
38290,0.5
26033,0.5
26375,0.5
24341,0.5
18616,0.5
41160,0.5
53891,0.5
23497,0.5
25062,0.5
28845,0.5
23871,0.5
53239,0.5
10694,0.5
38146,0.5
35252,0.5
21323,0.5
31262,0.5
15657,0.5
28687,0.5
40262,0.5
41591,0.5
23811,0.5
26905,0.5
24682,0.5
41365,0.5
30351,0.5
18150,0.5
31880,0.5
40089,0.5
10829,0.5
12375,0.5
52072,0.5
48399,0.5
23589,0.5
52266,0.5
44601,0.5
16409,0.5
23290,0.5
13789,0.5
18872,0.5
36183,0.5
35776,0.5
42228,0.5
54838,0.5
11126,0.5
28027,0.5
51495,0.5
28629,0.5
38835,0.5
46633,0.5
33179,0.5
36347,0.5
47510,0.5
47053,0.5
24033,0.5
43595,0.5
23780,0.5
26363,0.5
12142,0.5
47802,0.5
15950,0.5
47346,0.5
13123,0.5
13019,0.5
43697,0.5
23036,0.5
40489,0.5
55922,0.5
51583,0.5
42321,0.5
22087,0.5
35584,0.5
51180,0.5
21744,0.5
23701,0.5
17608,0.5
28252,0.5
42143,0.5
42888,0.5
16359,0.5
28745,0.5
30583,0.5
26524,0.5
56220,0.5
47522,0.5
29441,0.5
13056,0.5
48020,0.5
51279,0.5
57118,0.5
39147,0.5
50188,0.5
31180,0.5
19245,0.5
42843,0.5
11971,0.5
55720,0.5
19246,0.5
33115,0.5
46365,0.5
24372,0.5
57099,0.5
18027,0.5
43445,0.5
25776,0.5
48265,0.5
15158,0.5
24610,0.5
54499,0.5
54985,0.5
53108,0.5
35055,0.5
11812,0.5
12808,0.5
41748,0.5
25087,0.5
13049,0.5
50017,0.5
53242,0.5
26138,0.5
28188,0.5
39461,0.5
12876,0.5
36902,0.5
21910,0.5
29118,0.5
31290,0.5
45833,0.5
14289,0.5
46699,0.5
37046,0.5
12520,0.5
51623,0.5
34557,0.5
56108,0.5
25061,0.5
20865,0.5
44730,0.5
24126,0.5
40768,0.5
44284,0.5
43924,0.5
46824,0.5
30997,0.5
15384,0.5
33676,0.5
13917,0.5
31425,0.5
52747,0.5
37946,0.5
44995,0.5
46998,0.5
40892,0.5
18240,0.5
17455,0.5
27529,0.5
55622,0.5
17994,0.5
44619,0.5
14882,0.5
42002,0.5
26739,0.5
38212,0.5
51277,0.5
26000,0.5
25008,0.5
56571,0.5
18340,0.5
46897,0.5
53420,0.5
49031,0.5
36556,0.5
18050,0.5
29387,0.5
17084,0.5
17252,0.5
38524,0.5
40775,0.5
10626,0.5
50771,0.5
43296,0.5
19177,0.5
33113,0.5
32064,0.5
37846,0.5
41393,0.5
24822,0.5
39593,0.5
46019,0.5
39584,0.5
29263,0.5
45565,0.5
40869,0.5
46685,0.5
56178,0.5
24990,0.5
56808,0.5
20845,0.5
30725,0.5
14951,0.5
22006,0.5
28306,0.5
46126,0.5
56299,0.5
44946,0.5
36252,0.5
40141,0.5
34594,0.5
42109,0.5
27285,0.5
16983,0.5
18463,0.5
37660,0.5
29172,0.5
35090,0.5
23341,0.5
18214,0.5
52598,0.5
23285,0.5
55330,0.5
24806,0.5
32544,0.5
38027,0.5
46364,0.5
29147,0.5
17729,0.5
40883,0.5
21351,0.5
44731,0.5
17115,0.5
29139,0.5
43032,0.5
48301,0.5
28387,0.5
44145,0.5
31772,0.5
41477,0.5
53526,0.5
53594,0.5
36045,0.5
51385,0.5
35014,0.5
30004,0.5
23336,0.5
20795,0.5
39743,0.5
55106,0.5
34820,0.5
54823,0.5
40115,0.5
43764,0.5
19779,0.5
17348,0.5
11395,0.5
50746,0.5
42052,0.5
12123,0.5
49531,0.5
38488,0.5
42622,0.5
39547,0.5
17983,0.5
33859,0.5
45854,0.5
51311,0.5
20776,0.5
15851,0.5
39232,0.5
20996,0.5
13454,0.5
18685,0.5
33147,0.5
46591,0.5
37178,0.5
42581,0.5
15409,0.5
38834,0.5
36001,0.5
14124,0.5
45841,0.5
33951,0.5
38653,0.5
10724,0.5
46473,0.5
44575,0.5
16139,0.5
50113,0.5
19885,0.5
45118,0.5
35152,0.5
26908,0.5
19743,0.5
47101,0.5
45637,0.5
56236,0.5
29595,0.5
16134,0.5
26086,0.5
45897,0.5
22776,0.5
32093,0.5
34646,0.5
36199,0.5
14833,0.5
23458,0.5
19522,0.5
49984,0.5
16252,0.5
31495,0.5
34509,0.5
55261,0.5
39922,0.5
10057,0.5
26679,0.5
36838,0.5
10493,0.5
15494,0.5
31549,0.5
21915,0.5
23404,0.5
55524,0.5
17888,0.5
13712,0.5
42357,0.5
28648,0.5
49539,0.5
42024,0.5
32517,0.5
43105,0.5
52077,0.5
23171,0.5
54970,0.5
49160,0.5
31077,0.5
15613,0.5
28273,0.5
22144,0.5
17281,0.5
33382,0.5
49769,0.5
29770,0.5
14523,0.5
20404,0.5
35266,0.5
40917,0.5
29143,0.5
34175,0.5
29959,0.5
52838,0.5
19112,0.5
21218,0.5
15669,0.5
46279,0.5
31158,0.5
25289,0.5
46682,0.5
16209,0.5
54299,0.5
55763,0.5
45973,0.5
30510,0.5
52824,0.5
53014,0.5
37526,0.5
56131,0.5
21708,0.5
51780,0.5
12011,0.5
53253,0.5
10229,0.5
47059,0.5
21172,0.5
41380,0.5
39546,0.5
41836,0.5
49661,0.5
50548,0.5
20267,0.5
33101,0.5
10238,0.5
37765,0.5
55290,0.5
27480,0.5
23141,0.5
10441,0.5
24355,0.5
10993,0.5
22889,0.5
41696,0.5
16136,0.5
11064,0.5
43596,0.5
14238,0.5
52139,0.5
39215,0.5
29784,0.5
12197,0.5
35572,0.5
13691,0.5
13256,0.5
13980,0.5
32756,0.5
12462,0.5
42754,0.5
28760,0.5
33826,0.5
56482,0.5
26984,0.5
47405,0.5
40845,0.5
27478,0.5
55862,0.5
35520,0.5
18735,0.5
45244,0.5
13727,0.5
44796,0.5
27317,0.5
36993,0.5
42700,0.5
35388,0.5
23717,0.5
45007,0.5
57111,0.5
21527,0.5
30621,0.5
55368,0.5
47720,0.5
18904,0.5
18039,0.5
33394,0.5
10372,0.5
37659,0.5
11599,0.5
48749,0.5
12632,0.5
12942,0.5
21426,0.5
17956,0.5
17424,0.5
13737,0.5
47707,0.5
54896,0.5
31109,0.5
25768,0.5
21622,0.5
44422,0.5
27687,0.5
44182,0.5
34657,0.5
34817,0.5
32666,0.5
15753,0.5
17207,0.5
52460,0.5
38312,0.5
40423,0.5
15285,0.5
55127,0.5
46727,0.5
38788,0.5
27852,0.5
27348,0.5
20660,0.5
22185,0.5
48642,0.5
23330,0.5
48890,0.5
26380,0.5
49749,0.5
14725,0.5
40294,0.5
29529,0.5
44550,0.5
24978,0.5
17327,0.5
28700,0.5
38733,0.5
19886,0.5
16855,0.5
16462,0.5
25173,0.5
53802,0.5
24215,0.5
18141,0.5
33438,0.5
16821,0.5
48888,0.5
25691,0.5
37062,0.5
43141,0.5
19964,0.5
17265,0.5
38058,0.5
32800,0.5
30581,0.5
23754,0.5
56792,0.5
43552,0.5
24138,0.5
24186,0.5
21731,0.5
20058,0.5
54493,0.5
14574,0.5
39122,0.5
39270,0.5
21871,0.5
16895,0.5
34838,0.5
18194,0.5
12485,0.5
22019,0.5
44318,0.5
45250,0.5
50563,0.5
20419,0.5
43640,0.5
55957,0.5
20321,0.5
42205,0.5
18324,0.5
18500,0.5
33607,0.5
56821,0.5
31284,0.5
15270,0.5
19452,0.5
15539,0.5
41842,0.5
28849,0.5
25088,0.5
39581,0.5
49123,0.5
37269,0.5
35556,0.5
12391,0.5
19733,0.5
49664,0.5
26198,0.5
36792,0.5
55670,0.5
11380,0.5
38326,0.5
53533,0.5
42897,0.5
30650,0.5
28022,0.5
49028,0.5
55879,0.5
51296,0.5
52590,0.5
21170,0.5
36372,0.5
31296,0.5
40100,0.5
26330,0.5
47948,0.5
12906,0.5
22730,0.5
35955,0.5
35110,0.5
13307,0.5
31210,0.5
25641,0.5
35417,0.5
14657,0.5
30377,0.5
41378,0.5
45447,0.5
22821,0.5
13449,0.5
48900,0.5
54727,0.5
34011,0.5
54011,0.5
46568,0.5
32240,0.5
52698,0.5
37050,0.5
40693,0.5
54389,0.5
22760,0.5
39261,0.5
35644,0.5
25422,0.5
16114,0.5
22848,0.5
26959,0.5
55397,0.5
29961,0.5
13136,0.5
34394,0.5
21452,0.5
45049,0.5
38207,0.5
22716,0.5
15674,0.5
49736,0.5
51854,0.5
49690,0.5
20963,0.5
13356,0.5
16853,0.5
26506,0.5
37617,0.5
51154,0.5
46666,0.5
18700,0.5
12792,0.5
27178,0.5
13530,0.5
50854,0.5
30870,0.5
51904,0.5
45467,0.5
47505,0.5
10520,0.5
29622,0.5
11842,0.5
44516,0.5
34404,0.5
26926,0.5
38467,0.5
43870,0.5
19527,0.5
27977,0.5
50991,0.5
55467,0.5
22091,0.5
19777,0.5
51908,0.5
55884,0.5
42389,0.5
20252,0.5
54116,0.5
10884,0.5
49038,0.5
29146,0.5
30440,0.5
19700,0.5
39642,0.5
52284,0.5
45726,0.5
30361,0.5
37848,0.5
50201,0.5
19639,0.5
19137,0.5
38735,0.5
12178,0.5
15431,0.5
18251,0.5
14906,0.5
25353,0.5
31661,0.5
23390,0.5
54115,0.5
22057,0.5
11241,0.5
49475,0.5
19628,0.5
32556,0.5
22444,0.5
36157,0.5
18591,0.5
26919,0.5
33271,0.5
41178,0.5
52926,0.5
32956,0.5
18788,0.5
56492,0.5
56629,0.5
22601,0.5
47175,0.5
27102,0.5
12612,0.5
52974,0.5
50748,0.5
18707,0.5
38318,0.5
32579,0.5
36475,0.5
55570,0.5
32821,0.5
33166,0.5
20272,0.5
19238,0.5
51747,0.5
45871,0.5
22400,0.5
56709,0.5
53056,0.5
52749,0.5
32172,0.5
47366,0.5
22381,0.5
49226,0.5
53104,0.5
39260,0.5
48564,0.5
16276,0.5
22596,0.5
21737,0.5
55586,0.5
12626,0.5
45580,0.5
32137,0.5
20642,0.5
56155,0.5
16942,0.5
21168,0.5
19190,0.5
25258,0.5
12010,0.5
17185,0.5
45661,0.5
22799,0.5
54768,0.5
13068,0.5
46516,0.5
11135,0.5
25204,0.5
33887,0.5
30515,0.5
38558,0.5
40720,0.5
54992,0.5
39013,0.5
22326,0.5
15230,0.5
50812,0.5
32618,0.5
14705,0.5
12052,0.5
50292,0.5
20228,0.5
13116,0.5
29494,0.5
33417,0.5
19429,0.5
11888,0.5
40313,0.5
56096,0.5
56123,0.5
38500,0.5
34020,0.5
24657,0.5
11805,0.5
47099,0.5
54640,0.5
41562,0.5
42832,0.5
23802,0.5
35537,0.5
31142,0.5
37210,0.5
43108,0.5
16062,0.5
25067,0.5
33034,0.5
46951,0.5
31453,0.5
30972,0.5
51986,0.5
10363,0.5
19114,0.5
47083,0.5
10487,0.5
37005,0.5
22846,0.5
28632,0.5
23921,0.5
18080,0.5
15249,0.5
16827,0.5
46626,0.5
15831,0.5
27865,0.5
26772,0.5
36583,0.5
39626,0.5
22084,0.5
52352,0.5
24095,0.5
26655,0.5
24007,0.5
57134,0.5
47203,0.5
38438,0.5
46114,0.5
31792,0.5
43222,0.5
37668,0.5
37492,0.5
19279,0.5
13048,0.5
56538,0.5
18560,0.5
55301,0.5
22465,0.5
25009,0.5
23015,0.5
38359,0.5
48511,0.5
32994,0.5
37651,0.5
40545,0.5
11200,0.5
22007,0.5
49421,0.5
26466,0.5
16130,0.5
31387,0.5
34157,0.5
48694,0.5
24630,0.5
55072,0.5
53037,0.5
43474,0.5
10409,0.5
38375,0.5
17089,0.5
36338,0.5
35714,0.5
36633,0.5
55946,0.5
55643,0.5
45213,0.5
49287,0.5
32593,0.5
47906,0.5
27690,0.5
43695,0.5
32830,0.5
55899,0.5
35784,0.5
17950,0.5
23437,0.5
11701,0.5
13398,0.5
28123,0.5
10172,0.5
53169,0.5
26626,0.5
32576,0.5
44654,0.5
33713,0.5
12469,0.5
40170,0.5
42079,0.5
17867,0.5
35092,0.5
20737,0.5
16333,0.5
33286,0.5
53335,0.5
21031,0.5
21195,0.5
54290,0.5
54941,0.5
49039,0.5
21077,0.5
56851,0.5
39123,0.5
12432,0.5
35966,0.5
44045,0.5
28952,0.5
21321,0.5
38841,0.5
47364,0.5
45765,0.5
34544,0.5
25163,0.5
23120,0.5
16550,0.5
16339,0.5
23533,0.5
24994,0.5
34582,0.5
12665,0.5
38635,0.5
40229,0.5
48575,0.5
42960,0.5
30429,0.5
49091,0.5
24394,0.5
26900,0.5
26017,0.5
43685,0.5
39761,0.5
51173,0.5
42663,0.5
11570,0.5
22175,0.5
10839,0.5
46904,0.5
50282,0.5
28148,0.5
16317,0.5
33527,0.5
49999,0.5
32577,0.5
49605,0.5
13046,0.5
22308,0.5
28733,0.5
52532,0.5
21689,0.5
29491,0.5
34846,0.5
40145,0.5
11763,0.5
56029,0.5
19835,0.5
33980,0.5
47383,0.5
50146,0.5
50259,0.5
36225,0.5
12925,0.5
19478,0.5
33239,0.5
38478,0.5
48925,0.5
17964,0.5
40216,0.5
57172,0.5
17736,0.5
45031,0.5
49430,0.5
49392,0.5
46940,0.5
15186,0.5
33306,0.5
21089,0.5
39622,0.5
30671,0.5
48778,0.5
39314,0.5
38194,0.5
18637,0.5
34309,0.5
33744,0.5
18369,0.5
30289,0.5
22882,0.5
24906,0.5
32130,0.5
30014,0.5
25195,0.5
30283,0.5
44175,0.5
28006,0.5
39433,0.5
23135,0.5
45742,0.5
19056,0.5
20961,0.5
32357,0.5
36161,0.5
37570,0.5
38239,0.5
41636,0.5
13971,0.5
25253,0.5
12865,0.5
50444,0.5
31194,0.5
46170,0.5
38260,0.5
16033,0.5
49728,0.5
14062,0.5
28606,0.5
29964,0.5
32189,0.5
52839,0.5
21781,0.5
49939,0.5
23990,0.5
24993,0.5
15610,0.5
15565,0.5
41536,0.5
43419,0.5
25612,0.5
38768,0.5
10955,0.5
52277,0.5
53246,0.5
17440,0.5
54922,0.5
44133,0.5
25915,0.5
29886,0.5
32405,0.5
52144,0.5
31771,0.5
35862,0.5
30505,0.5
11377,0.5
32712,0.5
48244,0.5
47166,0.5
16019,0.5
56205,0.5
23193,0.5
30658,0.5
25634,0.5
20115,0.5
21634,0.5
20940,0.5
45505,0.5
32614,0.5
55081,0.5
23807,0.5
45985,0.5
14855,0.5
43306,0.5
39823,0.5
44040,0.5
44827,0.5
50793,0.5
40406,0.5
37098,0.5
22787,0.5
45846,0.5
38833,0.5
44039,0.5
13718,0.5
47010,0.5
37939,0.5
10022,0.5
29077,0.5
56258,0.5
23612,0.5
21242,0.5
48869,0.5
49740,0.5
16929,0.5
15137,0.5
35827,0.5
16508,0.5
15930,0.5
50891,0.5
21337,0.5
11244,0.5
26859,0.5
45154,0.5
55376,0.5
46508,0.5
44346,0.5
36494,0.5
35427,0.5
49272,0.5
51092,0.5
54407,0.5
51411,0.5
49471,0.5
13654,0.5
20098,0.5
42471,0.5
43655,0.5
18497,0.5
33471,0.5
47625,0.5
53269,0.5
41924,0.5
21167,0.5
32779,0.5
47827,0.5
12376,0.5
35998,0.5
14760,0.5
21775,0.5
11026,0.5
38515,0.5
41018,0.5
55122,0.5
41788,0.5
22314,0.5
20945,0.5
25304,0.5
46676,0.5
43458,0.5
32095,0.5
17908,0.5
35813,0.5
40250,0.5
27417,0.5
22523,0.5
10463,0.5
13086,0.5
52238,0.5
15162,0.5
21975,0.5
21450,0.5
52429,0.5
32382,0.5
37862,0.5
54423,0.5
20733,0.5
10051,0.5
32791,0.5
35045,0.5
32539,0.5
57082,0.5
30648,0.5
24083,0.5
35491,0.5
37938,0.5
38338,0.5
24668,0.5
50797,0.5
35376,0.5
34566,0.5
18955,0.5
51888,0.5
37179,0.5
36568,0.5
52020,0.5
35250,0.5
55089,0.5
43605,0.5
45776,0.5
33584,0.5
47391,0.5
43140,0.5
24793,0.5
42370,0.5
27572,0.5
56839,0.5
37544,0.5
53649,0.5
51516,0.5
36196,0.5
52079,0.5
46122,0.5
21027,0.5
49454,0.5
17881,0.5
32518,0.5
46881,0.5
40358,0.5
41184,0.5
21308,0.5
28713,0.5
56741,0.5
25731,0.5
17088,0.5
17133,0.5
33732,0.5
53583,0.5
50799,0.5
15497,0.5
55997,0.5
23321,0.5
37061,0.5
27174,0.5
19821,0.5
47195,0.5
32157,0.5
50650,0.5
43428,0.5
38076,0.5
47667,0.5
42376,0.5
25646,0.5
15009,0.5
41082,0.5
50730,0.5
29665,0.5
53999,0.5
27793,0.5
28963,0.5
41156,0.5
22565,0.5
24494,0.5
34651,0.5
22217,0.5
55329,0.5
31241,0.5
26056,0.5
47628,0.5
56782,0.5
29271,0.5
55130,0.5
37174,0.5
26661,0.5
27768,0.5
10159,0.5
44404,0.5
20926,0.5
16976,0.5
52410,0.5
28348,0.5
16529,0.5
56721,0.5
23727,0.5
30293,0.5
39352,0.5
54356,0.5
12481,0.5
20467,0.5
38373,0.5
26545,0.5
39774,0.5
27327,0.5
22515,0.5
12803,0.5
54402,0.5
18309,0.5
37894,0.5
50431,0.5
23392,0.5
51371,0.5
30450,0.5
22008,0.5
55814,0.5
50484,0.5
44804,0.5
56559,0.5
35198,0.5
16120,0.5
25972,0.5
41446,0.5
24036,0.5
10091,0.5
56819,0.5
44426,0.5
48422,0.5
37246,0.5
52081,0.5
54382,0.5
28759,0.5
14175,0.5
45512,0.5
31619,0.5
14113,0.5
19198,0.5
32297,0.5
16164,0.5
41919,0.5
54421,0.5
33775,0.5
26734,0.5
10608,0.5
28962,0.5
52763,0.5
43532,0.5
34721,0.5
49380,0.5
23146,0.5
56542,0.5
13956,0.5
28136,0.5
16743,0.5
33216,0.5
17505,0.5
37683,0.5
43868,0.5
56228,0.5
14900,0.5
38891,0.5
44967,0.5
40736,0.5
36317,0.5
29164,0.5
49198,0.5
15684,0.5
53807,0.5
45760,0.5
19386,0.5
27818,0.5
55576,0.5
52275,0.5
54362,0.5
46952,0.5
33480,0.5
30821,0.5
11080,0.5
39527,0.5
51563,0.5
28091,0.5
29381,0.5
11648,0.5
21640,0.5
51924,0.5
34597,0.5
18607,0.5
49405,0.5
47826,0.5
36897,0.5
51082,0.5
45576,0.5
20920,0.5
30475,0.5
26934,0.5
18458,0.5
34786,0.5
30638,0.5
40108,0.5
55493,0.5
50936,0.5
16157,0.5
38661,0.5
56561,0.5
20353,0.5
46675,0.5
30227,0.5
53308,0.5
51995,0.5
47531,0.5
34534,0.5
22401,0.5
48246,0.5
48139,0.5
48590,0.5
34252,0.5
51147,0.5
24289,0.5
26930,0.5
56786,0.5
25804,0.5
28491,0.5
47744,0.5
14465,0.5
22342,0.5
47122,0.5
47971,0.5
53251,0.5
22964,0.5
32533,0.5
45041,0.5
48085,0.5
55120,0.5
11801,0.5
39871,0.5
21410,0.5
47735,0.5
53127,0.5
35095,0.5
28576,0.5
28195,0.5
49870,0.5
17743,0.5
47634,0.5
28762,0.5
18760,0.5
36193,0.5
56943,0.5
50166,0.5
29261,0.5
42991,0.5
29487,0.5
43326,0.5
46119,0.5
46446,0.5
10892,0.5
24317,0.5
12731,0.5
51143,0.5
43619,0.5
34978,0.5
13500,0.5
44762,0.5
34049,0.5
39649,0.5
45442,0.5
22156,0.5
19583,0.5
30144,0.5
15804,0.5
43278,0.5
13133,0.5
44518,0.5
30249,0.5
29371,0.5
36431,0.5
32223,0.5
29459,0.5
55451,0.5
53371,0.5
12162,0.5
48782,0.5
10755,0.5
43116,0.5
39012,0.5
14249,0.5
24465,0.5
38643,0.5
13726,0.5
50523,0.5
48237,0.5
27465,0.5
43314,0.5
50572,0.5
16430,0.5
30664,0.5
45403,0.5
51955,0.5
55154,0.5
55475,0.5
53330,0.5
26091,0.5
10946,0.5
32952,0.5
48329,0.5
49105,0.5
51835,0.5
33364,0.5
10032,0.5
17734,0.5
20040,0.5
39741,0.5
33137,0.5
17616,0.5
19247,0.5
23434,0.5
44631,0.5
38184,0.5
17538,0.5
40561,0.5
30426,0.5
14947,0.5
35224,0.5
13773,0.5
30550,0.5
31231,0.5
32238,0.5
36972,0.5
43561,0.5
31567,0.5
40994,0.5
43087,0.5
33122,0.5
18320,0.5
45099,0.5
10620,0.5
25357,0.5
46778,0.5
50816,0.5
41304,0.5
13007,0.5
46941,0.5
13645,0.5
51698,0.5
43320,0.5
48566,0.5
35779,0.5
31883,0.5
19928,0.5
30315,0.5
25405,0.5
10459,0.5
57051,0.5
28804,0.5
44181,0.5
18566,0.5
56307,0.5
36429,0.5
13486,0.5
53571,0.5
50040,0.5
34366,0.5
45710,0.5
55087,0.5
19285,0.5
26646,0.5
21200,0.5
34776,0.5
53867,0.5
43558,0.5
16163,0.5
27874,0.5
43999,0.5
37430,0.5
46680,0.5
47273,0.5
46091,0.5
56452,0.5
24642,0.5
25450,0.5
11427,0.5
22690,0.5
51932,0.5
49686,0.5
48290,0.5
44571,0.5
17995,0.5
37677,0.5
36883,0.5
51569,0.5
12226,0.5
33414,0.5
37716,0.5
15022,0.5
49895,0.5
42748,0.5
20689,0.5
33300,0.5
53820,0.5
42995,0.5
52154,0.5
26598,0.5
35165,0.5
49209,0.5
27302,0.5
12720,0.5
37995,0.5
32564,0.5
42763,0.5
39014,0.5
38306,0.5
27003,0.5
13989,0.5
24537,0.5
33886,0.5
55207,0.5
39952,0.5
30263,0.5
47488,0.5
36376,0.5
55680,0.5
25156,0.5
16405,0.5
29433,0.5
56139,0.5
14332,0.5
16921,0.5
23147,0.5
14385,0.5
16077,0.5
28498,0.5
18120,0.5
45979,0.5
11258,0.5
17858,0.5
56553,0.5
12170,0.5
56416,0.5
54030,0.5
35890,0.5
19747,0.5
14466,0.5
39591,0.5
29386,0.5
37439,0.5
48393,0.5
43388,0.5
25542,0.5
43118,0.5
32528,0.5
25412,0.5
14713,0.5
29284,0.5
40028,0.5
13585,0.5
16191,0.5
19854,0.5
38764,0.5
29887,0.5
33944,0.5
54261,0.5
12898,0.5
50756,0.5
41757,0.5
26418,0.5
47238,0.5
33081,0.5
54245,0.5
10104,0.5
28193,0.5
34869,0.5
34572,0.5
51846,0.5
16872,0.5
18276,0.5
18824,0.5
51798,0.5
17575,0.5
30326,0.5
18579,0.5
30768,0.5
18656,0.5
10766,0.5
21394,0.5
19380,0.5
21876,0.5
29506,0.5
45807,0.5
34878,0.5
11696,0.5
33152,0.5
28824,0.5
22638,0.5
42142,0.5
35365,0.5
36251,0.5
49916,0.5
29497,0.5
15587,0.5
45490,0.5
28415,0.5
35484,0.5
19314,0.5
53547,0.5
41345,0.5
39900,0.5
11604,0.5
43866,0.5
45408,0.5
35728,0.5
36454,0.5
11970,0.5
21529,0.5
49860,0.5
29755,0.5
28033,0.5
41589,0.5
21219,0.5
17991,0.5
23331,0.5
46475,0.5
26374,0.5
13109,0.5
10100,0.5
41894,0.5
55819,0.5
42654,0.5
16268,0.5
47804,0.5
18850,0.5
20030,0.5
51325,0.5
41168,0.5
15776,0.5
40708,0.5
20143,0.5
50244,0.5
31570,0.5
50591,0.5
48226,0.5
46858,0.5
32846,0.5
18841,0.5
45839,0.5
49824,0.5
12920,0.5
14701,0.5
17551,0.5
40253,0.5
28453,0.5
52035,0.5
38125,0.5
44887,0.5
47623,0.5
38104,0.5
55521,0.5
40535,0.5
10725,0.5
42207,0.5
16097,0.5
11731,0.5
28584,0.5
43707,0.5
38950,0.5
45929,0.5
34259,0.5
17055,0.5
42327,0.5
56344,0.5
22190,0.5
43742,0.5
56116,0.5
44663,0.5
23307,0.5
25805,0.5
53734,0.5
23483,0.5
22696,0.5
47348,0.5
24281,0.5
10983,0.5
49742,0.5
21268,0.5
20980,0.5
21076,0.5
43357,0.5
44546,0.5
28510,0.5
55532,0.5
56793,0.5
13245,0.5
24466,0.5
43852,0.5
28994,0.5
23474,0.5
20067,0.5
32125,0.5
15901,0.5
12725,0.5
25145,0.5
16104,0.5
10557,0.5
14024,0.5
28976,0.5
16056,0.5
48272,0.5
45989,0.5
22189,0.5
18253,0.5
15037,0.5
38797,0.5
49057,0.5
33893,0.5
55693,0.5
48499,0.5
14631,0.5
46370,0.5
37993,0.5
39419,0.5
51762,0.5
24761,0.5
25912,0.5
37498,0.5
37551,0.5
30508,0.5
42020,0.5
48021,0.5
40154,0.5
49514,0.5
48317,0.5
19076,0.5
50088,0.5
47392,0.5
20255,0.5
57054,0.5
40919,0.5
41321,0.5
28848,0.5
49826,0.5
47660,0.5
43002,0.5
35793,0.5
49138,0.5
38316,0.5
23070,0.5
35347,0.5
55952,0.5
22812,0.5
32627,0.5
37384,0.5
30005,0.5
36654,0.5
45103,0.5
15235,0.5
44231,0.5
56005,0.5
46870,0.5
42542,0.5
13641,0.5
15329,0.5
16342,0.5
55761,0.5
29173,0.5
23454,0.5
39639,0.5
54697,0.5
14590,0.5
38723,0.5
18618,0.5
16127,0.5
55673,0.5
57108,0.5
20126,0.5
14212,0.5
51138,0.5
11386,0.5
14187,0.5
37176,0.5
52080,0.5
39991,0.5
13510,0.5
25395,0.5
38474,0.5
33573,0.5
49897,0.5
26688,0.5
38664,0.5
20535,0.5
20766,0.5
51528,0.5
48572,0.5
49656,0.5
28143,0.5
44308,0.5
38081,0.5
10754,0.5
45263,0.5
42391,0.5
27930,0.5
22424,0.5
18288,0.5
31208,0.5
36867,0.5
46469,0.5
20672,0.5
16587,0.5
10192,0.5
54618,0.5
53539,0.5
26711,0.5
55575,0.5
18421,0.5
39354,0.5
24349,0.5
15998,0.5
17391,0.5
22030,0.5
56803,0.5
29745,0.5
13131,0.5
33714,0.5
47548,0.5
36099,0.5
24321,0.5
48125,0.5
27961,0.5
24992,0.5
29817,0.5
37702,0.5
28517,0.5
16822,0.5
44360,0.5
55068,0.5
43779,0.5
52505,0.5
16473,0.5
44199,0.5
31499,0.5
22300,0.5
37391,0.5
27220,0.5
15907,0.5
12044,0.5
29367,0.5
51534,0.5
40403,0.5
23216,0.5
10729,0.5
34286,0.5
51529,0.5
20583,0.5
38144,0.5
18271,0.5
10730,0.5
45106,0.5
12850,0.5
13559,0.5
54194,0.5
49648,0.5
25697,0.5
20854,0.5
38885,0.5
43173,0.5
52176,0.5
44907,0.5
38082,0.5
43867,0.5
11791,0.5
15233,0.5
54953,0.5
35646,0.5
26299,0.5
40569,0.5
50279,0.5
37052,0.5
23555,0.5
24819,0.5
52329,0.5
45662,0.5
48009,0.5
15571,0.5
48592,0.5
51341,0.5
54214,0.5
42770,0.5
15298,0.5
14971,0.5
29230,0.5
24967,0.5
24833,0.5
52592,0.5
47579,0.5
16830,0.5
53433,0.5
49463,0.5
39007,0.5
25448,0.5
55614,0.5
22010,0.5
20214,0.5
42085,0.5
41219,0.5
28854,0.5
33232,0.5
12444,0.5
57125,0.5
15750,0.5
52060,0.5
34920,0.5
27689,0.5
47244,0.5
29422,0.5
56526,0.5
54528,0.5
54071,0.5
42802,0.5
25442,0.5
20349,0.5
24593,0.5
53062,0.5
33599,0.5
53234,0.5
20948,0.5
45867,0.5
27161,0.5
40748,0.5
31021,0.5
31024,0.5
53824,0.5
37048,0.5
37373,0.5
35657,0.5
53188,0.5
43072,0.5
31186,0.5
45872,0.5
34600,0.5
29251,0.5
33362,0.5
48063,0.5
18187,0.5
47044,0.5
50476,0.5
29561,0.5
24585,0.5
31735,0.5
27565,0.5
20852,0.5
33719,0.5
16798,0.5
17896,0.5
35835,0.5
43510,0.5
31988,0.5
30358,0.5
47972,0.5
55892,0.5
14114,0.5
14045,0.5
17746,0.5
39787,0.5
12569,0.5
40634,0.5
16720,0.5
36039,0.5
39529,0.5
17475,0.5
43214,0.5
34695,0.5
11895,0.5
47230,0.5
56308,0.5
34055,0.5
36930,0.5
41048,0.5
48004,0.5
52831,0.5
20041,0.5
29685,0.5
22076,0.5
22450,0.5
31665,0.5
26352,0.5
40992,0.5
36881,0.5
17110,0.5
39589,0.5
30032,0.5
32848,0.5
30124,0.5
48706,0.5
48803,0.5
36574,0.5
55961,0.5
10026,0.5
46491,0.5
33380,0.5
13702,0.5
53874,0.5
39919,0.5
14345,0.5
37708,0.5
50772,0.5
56332,0.5
48604,0.5
17997,0.5
19184,0.5
43250,0.5
54886,0.5
54361,0.5
40203,0.5
39765,0.5
45228,0.5
31157,0.5
45665,0.5
30228,0.5
53584,0.5
31367,0.5
48287,0.5
16021,0.5
55565,0.5
16998,0.5
33800,0.5
14648,0.5
11308,0.5
48218,0.5
52665,0.5
12955,0.5
37496,0.5
42015,0.5
24319,0.5
52231,0.5
14176,0.5
23360,0.5
36470,0.5
44058,0.5
30470,0.5
28550,0.5
41088,0.5
25074,0.5
14295,0.5
16088,0.5
44859,0.5
32234,0.5
41554,0.5
47944,0.5
55436,0.5
47717,0.5
25966,0.5
20166,0.5
56396,0.5
28655,0.5
25772,0.5
20608,0.5
28349,0.5
10094,0.5
16351,0.5
15145,0.5
46261,0.5
22952,0.5
54989,0.5
13897,0.5
21457,0.5
15737,0.5
12897,0.5
35992,0.5
14689,0.5
53670,0.5
28145,0.5
45207,0.5
17008,0.5
21232,0.5
32651,0.5
30031,0.5
35911,0.5
40989,0.5
27347,0.5
52876,0.5
15092,0.5
30631,0.5
56558,0.5
20203,0.5
45057,0.5
13762,0.5
28024,0.5
17004,0.5
21641,0.5
43425,0.5
28003,0.5
52210,0.5
25292,0.5
55051,0.5
38166,0.5
52273,0.5
39410,0.5
23227,0.5
33331,0.5
11792,0.5
45998,0.5
16734,0.5
25095,0.5
19749,0.5
56984,0.5
35605,0.5
11002,0.5
15161,0.5
30933,0.5
43305,0.5
46644,0.5
27000,0.5
36894,0.5
12276,0.5
57083,0.5
20541,0.5
15075,0.5
55710,0.5
39632,0.5
35350,0.5
30097,0.5
28245,0.5
50219,0.5
22074,0.5
11606,0.5
13670,0.5
40264,0.5
53968,0.5
43787,0.5
54604,0.5
18937,0.5
43346,0.5
34698,0.5
14500,0.5
11526,0.5
28901,0.5
33085,0.5
55534,0.5
23387,0.5
49096,0.5
14193,0.5
14720,0.5
52973,0.5
44256,0.5
15363,0.5
53579,0.5
15014,0.5
11578,0.5
21245,0.5
53082,0.5
55770,0.5
41241,0.5
27880,0.5
40133,0.5
47967,0.5
30684,0.5
15477,0.5
47266,0.5
51157,0.5
13986,0.5
20070,0.5
21621,0.5
45069,0.5
19796,0.5
16183,0.5
28212,0.5
45301,0.5
15051,0.5
45229,0.5
42761,0.5
25027,0.5
44405,0.5
33616,0.5
19718,0.5
47439,0.5
31730,0.5
33532,0.5
40610,0.5
50191,0.5
33964,0.5
40238,0.5
19098,0.5
31485,0.5
12761,0.5
30385,0.5
22792,0.5
51011,0.5
48777,0.5
53092,0.5
47000,0.5
52427,0.5
21158,0.5
22543,0.5
42028,0.5
50661,0.5
10438,0.5
33797,0.5
33446,0.5
31646,0.5
38844,0.5
27025,0.5
28254,0.5
15957,0.5
56720,0.5
23175,0.5
22530,0.5
48621,0.5
28538,0.5
46385,0.5
23007,0.5
46109,0.5
19818,0.5
49638,0.5
18299,0.5
43158,0.5
48058,0.5
50414,0.5
23084,0.5
30811,0.5
22709,0.5
35293,0.5
17229,0.5
31266,0.5
47584,0.5
27245,0.5
19622,0.5
57148,0.5
50747,0.5
13115,0.5
16018,0.5
18529,0.5
34953,0.5
21578,0.5
52771,0.5
36915,0.5
41956,0.5
22160,0.5
48578,0.5
43798,0.5
56987,0.5
17083,0.5
22363,0.5
45620,0.5
16799,0.5
32225,0.5
55525,0.5
35707,0.5
32561,0.5
56511,0.5
42958,0.5
35671,0.5
52186,0.5
27470,0.5
14192,0.5
30478,0.5
46444,0.5
27949,0.5
18351,0.5
24452,0.5
14484,0.5
39519,0.5
10113,0.5
12356,0.5
43815,0.5
16253,0.5
39590,0.5
25446,0.5
47162,0.5
33690,0.5
25588,0.5
55387,0.5
47296,0.5
20664,0.5
20389,0.5
32419,0.5
31691,0.5
13435,0.5
51239,0.5
37266,0.5
21409,0.5
55617,0.5
19778,0.5
17422,0.5
28985,0.5
10331,0.5
32697,0.5
41665,0.5
25406,0.5
49125,0.5
34356,0.5
16415,0.5
23402,0.5
18322,0.5
21100,0.5
20933,0.5
36655,0.5
39863,0.5
21632,0.5
21315,0.5
12392,0.5
45935,0.5
44376,0.5
47519,0.5
30146,0.5
10786,0.5
41001,0.5
10407,0.5
29241,0.5
48901,0.5
24506,0.5
50584,0.5
26835,0.5
30992,0.5
46957,0.5
20825,0.5
39930,0.5
46585,0.5
56971,0.5
28390,0.5
11931,0.5
47738,0.5
35716,0.5
32098,0.5
51225,0.5
22880,0.5
30383,0.5
21750,0.5
11744,0.5
10391,0.5
11845,0.5
48474,0.5
40685,0.5
20053,0.5
26589,0.5
19393,0.5
35161,0.5
18538,0.5
16353,0.5
36237,0.5
44587,0.5
34673,0.5
21673,0.5
11497,0.5
41682,0.5
18014,0.5
11577,0.5
14127,0.5
22926,0.5
41403,0.5
23740,0.5
57105,0.5
10495,0.5
55963,0.5
15376,0.5
19298,0.5
42231,0.5
30761,0.5
16868,0.5
17613,0.5
33844,0.5
18648,0.5
45763,0.5
46716,0.5
51914,0.5
47234,0.5
37378,0.5
30077,0.5
19898,0.5
22783,0.5
52785,0.5
45157,0.5
10393,0.5
28680,0.5
10900,0.5
54688,0.5
53012,0.5
33039,0.5
23319,0.5
26025,0.5
45761,0.5
36966,0.5
49635,0.5
20621,0.5
23393,0.5
50003,0.5
19623,0.5
15860,0.5
57007,0.5
13568,0.5
38771,0.5
37418,0.5
36446,0.5
23372,0.5
50875,0.5
10060,0.5
43705,0.5
25919,0.5
44578,0.5
44189,0.5
31392,0.5
55955,0.5
16527,0.5
40214,0.5
13753,0.5
29237,0.5
44874,0.5
46254,0.5
10929,0.5
37847,0.5
30884,0.5
14358,0.5
30479,0.5
53331,0.5
16511,0.5
18350,0.5
36366,0.5
16694,0.5
27416,0.5
27092,0.5
15316,0.5
24710,0.5
31898,0.5
34010,0.5
10149,0.5
22463,0.5
29036,0.5
54502,0.5
25099,0.5
23053,0.5
11400,0.5
44347,0.5
17533,0.5
16911,0.5
44878,0.5
18899,0.5
28929,0.5
42838,0.5
44349,0.5
53336,0.5
19332,0.5
55294,0.5
38473,0.5
27548,0.5
10216,0.5
33655,0.5
42463,0.5
50269,0.5
17782,0.5
29918,0.5
17521,0.5
29879,0.5
16370,0.5
20914,0.5
15065,0.5
14082,0.5
45249,0.5
39407,0.5
45523,0.5
33141,0.5
36360,0.5
43183,0.5
36273,0.5
56895,0.5
39955,0.5
13592,0.5
35081,0.5
20302,0.5
55298,0.5
30054,0.5
16706,0.5
28771,0.5
31994,0.5
20501,0.5
20341,0.5
44842,0.5
35672,0.5
20202,0.5
31394,0.5
39663,0.5
51024,0.5
32283,0.5
36491,0.5
26136,0.5
14579,0.5
36665,0.5
54155,0.5
26105,0.5
28239,0.5
37023,0.5
46259,0.5
51113,0.5
40759,0.5
15011,0.5
53878,0.5
13352,0.5
18767,0.5
49472,0.5
48909,0.5
37531,0.5
50985,0.5
10469,0.5
55843,0.5
29127,0.5
40011,0.5
45564,0.5
22679,0.5
52113,0.5
38763,0.5
19351,0.5
24666,0.5
26192,0.5
19918,0.5
16750,0.5
11446,0.5
32936,0.5
33582,0.5
22164,0.5
38816,0.5
55716,0.5
55161,0.5
33015,0.5
37199,0.5
23475,0.5
42430,0.5
39865,0.5
48397,0.5
47904,0.5
53671,0.5
46402,0.5
15325,0.5
16110,0.5
50527,0.5
48962,0.5
27618,0.5
37580,0.5
55751,0.5
21715,0.5
37434,0.5
40702,0.5
24524,0.5
55119,0.5
12167,0.5
45970,0.5
10974,0.5
30560,0.5
11301,0.5
35604,0.5
33782,0.5
53155,0.5
33045,0.5
23725,0.5
49162,0.5
38622,0.5
14809,0.5
28822,0.5
26066,0.5
34372,0.5
14669,0.5
33155,0.5
42331,0.5
47303,0.5
22944,0.5
18081,0.5
21520,0.5
18822,0.5
13259,0.5
42638,0.5
14591,0.5
28050,0.5
31814,0.5
38381,0.5
49850,0.5
13537,0.5
29331,0.5
28872,0.5
20061,0.5
19800,0.5
35363,0.5
32753,0.5
44543,0.5
44254,0.5
41550,0.5
24544,0.5
42081,0.5
51188,0.5
45294,0.5
39748,0.5
50365,0.5
56867,0.5
36595,0.5
52469,0.5
38980,0.5
28461,0.5
46931,0.5
41524,0.5
36771,0.5
54729,0.5
25245,0.5
42494,0.5
51786,0.5
29814,0.5
56227,0.5
42790,0.5
43393,0.5
11264,0.5
23001,0.5
26012,0.5
17458,0.5
36167,0.5
27783,0.5
47596,0.5
31562,0.5
46399,0.5
22906,0.5
45616,0.5
26326,0.5
49253,0.5
38062,0.5
19968,0.5
27430,0.5
56931,0.5
10644,0.5
10090,0.5
10005,0.5
52156,0.5
23572,0.5
21349,0.5
38066,0.5
39384,0.5
22070,0.5
14904,0.5
34026,0.5
14935,0.5
39706,0.5
32036,0.5
37450,0.5
38824,0.5
12699,0.5
26611,0.5
33593,0.5
37635,0.5
16345,0.5
52239,0.5
18392,0.5
38537,0.5
45009,0.5
46602,0.5
38613,0.5
30567,0.5
57079,0.5
29358,0.5
55845,0.5
16553,0.5
40820,0.5
36948,0.5
51088,0.5
30079,0.5
19681,0.5
48378,0.5
45513,0.5
36204,0.5
48725,0.5
20297,0.5
28857,0.5
51559,0.5
12417,0.5
33640,0.5
44245,0.5
17772,0.5
15342,0.5
44898,0.5
48405,0.5
32466,0.5
21771,0.5
23617,0.5
46541,0.5
39857,0.5
22130,0.5
24975,0.5
23566,0.5
39898,0.5
29328,0.5
34581,0.5
32441,0.5
26799,0.5
49300,0.5
10682,0.5
39010,0.5
29480,0.5
30360,0.5
21284,0.5
49265,0.5
20659,0.5
11616,0.5
30120,0.5
50095,0.5
37737,0.5
17474,0.5
43139,0.5
30521,0.5
37382,0.5
11715,0.5
55796,0.5
43665,0.5
12881,0.5
50552,0.5
56585,0.5
43553,0.5
49140,0.5
41447,0.5
33180,0.5
52634,0.5
40799,0.5
26165,0.5
41802,0.5
32768,0.5
31057,0.5
40704,0.5
41988,0.5
41468,0.5
39452,0.5
49880,0.5
48635,0.5
49133,0.5
21040,0.5
42926,0.5
53117,0.5
47976,0.5
39541,0.5
23281,0.5
21819,0.5
46332,0.5
17070,0.5
12705,0.5
24801,0.5
48351,0.5
25808,0.5
21817,0.5
48460,0.5
26393,0.5
56928,0.5
38078,0.5
10278,0.5
26286,0.5
49976,0.5
11406,0.5
25568,0.5
24247,0.5
27268,0.5
47336,0.5
50540,0.5
20428,0.5
51394,0.5
48938,0.5
16770,0.5
48087,0.5
48998,0.5
53303,0.5
29503,0.5
40451,0.5
53809,0.5
23607,0.5
53456,0.5
17416,0.5
30702,0.5
18249,0.5
13925,0.5
35790,0.5
11279,0.5
50553,0.5
46740,0.5
24185,0.5
42178,0.5
31089,0.5
47172,0.5
34201,0.5
12092,0.5
42007,0.5
46247,0.5
38234,0.5
44553,0.5
32540,0.5
53368,0.5
21756,0.5
11238,0.5
15526,0.5
42211,0.5
21434,0.5
46509,0.5
56623,0.5
40599,0.5
22935,0.5
23536,0.5
16724,0.5
13420,0.5
26981,0.5
52631,0.5
44533,0.5
43715,0.5
44324,0.5
16569,0.5
11253,0.5
23906,0.5
37527,0.5
38906,0.5
36358,0.5
55945,0.5
36424,0.5
56408,0.5
33656,0.5
10523,0.5
29613,0.5
18807,0.5
55243,0.5
23374,0.5
30993,0.5
50411,0.5
23110,0.5
48113,0.5
54460,0.5
10641,0.5
45427,0.5
52798,0.5
56417,0.5
46783,0.5
36895,0.5
44997,0.5
34100,0.5
11653,0.5
47850,0.5
19185,0.5
55126,0.5
20180,0.5
42893,0.5
45416,0.5
28229,0.5
40017,0.5
52501,0.5
40890,0.5
32875,0.5
38073,0.5
26692,0.5
12717,0.5
29910,0.5
44436,0.5
11063,0.5
11156,0.5
54269,0.5
18465,0.5
36932,0.5
56609,0.5
31543,0.5
52056,0.5
37149,0.5
56149,0.5
29208,0.5
24330,0.5
52762,0.5
11975,0.5
10872,0.5
20465,0.5
54538,0.5
18227,0.5
32237,0.5
53597,0.5
41242,0.5
35959,0.5
39636,0.5
43081,0.5
47549,0.5
32976,0.5
13099,0.5
24927,0.5
40414,0.5
23069,0.5
11539,0.5
14865,0.5
48636,0.5
30848,0.5
36784,0.5
18207,0.5
14255,0.5
28930,0.5
41316,0.5
14210,0.5
23254,0.5
46015,0.5
20221,0.5
10473,0.5
27787,0.5
27186,0.5
39245,0.5
42146,0.5
20830,0.5
28074,0.5
31000,0.5
54458,0.5
31775,0.5
17167,0.5
22960,0.5
17283,0.5
32834,0.5
30434,0.5
10345,0.5
54013,0.5
29803,0.5
47722,0.5
18595,0.5
19819,0.5
24480,0.5
21788,0.5
52828,0.5
24554,0.5
32408,0.5
34574,0.5
21423,0.5
49865,0.5
40679,0.5
53309,0.5
18802,0.5
24022,0.5
32461,0.5
15880,0.5
43358,0.5
27483,0.5
45511,0.5
56137,0.5
13268,0.5
45364,0.5
53676,0.5
52187,0.5
55112,0.5
22918,0.5
22890,0.5
39724,0.5
43920,0.5
18107,0.5
54796,0.5
31029,0.5
38531,0.5
32836,0.5
45790,0.5
15272,0.5
37609,0.5
41607,0.5
33242,0.5
14456,0.5
46855,0.5
28473,0.5
21000,0.5
25709,0.5
47270,0.5
50688,0.5
25186,0.5
46007,0.5
12070,0.5
28625,0.5
51153,0.5
53894,0.5
20463,0.5
49061,0.5
10965,0.5
42386,0.5
35264,0.5
42531,0.5
39304,0.5
37713,0.5
56491,0.5
20924,0.5
26302,0.5
18058,0.5
36610,0.5
14008,0.5
35214,0.5
51863,0.5
21550,0.5
17843,0.5
46047,0.5
30966,0.5
55094,0.5
55838,0.5
45128,0.5
50658,0.5
11448,0.5
45683,0.5
55149,0.5
35419,0.5
14839,0.5
33263,0.5
30340,0.5
33252,0.5
15695,0.5
21679,0.5
50178,0.5
48117,0.5
46207,0.5
42411,0.5
49793,0.5
44746,0.5
41907,0.5
11047,0.5
28501,0.5
45900,0.5
32126,0.5
57152,0.5
30980,0.5
19395,0.5
39087,0.5
55984,0.5
39416,0.5
42673,0.5
14793,0.5
39216,0.5
34693,0.5
23420,0.5
46344,0.5
41983,0.5
25360,0.5
14364,0.5
24211,0.5
32133,0.5
40715,0.5
51885,0.5
37014,0.5
31374,0.5
44705,0.5
46191,0.5
47822,0.5
33529,0.5
41645,0.5
26314,0.5
49858,0.5
45691,0.5
37197,0.5
39917,0.5
52641,0.5
13882,0.5
22703,0.5
27855,0.5
11674,0.5
18774,0.5
28835,0.5
52037,0.5
33486,0.5
16413,0.5
55288,0.5
21857,0.5
54385,0.5
29106,0.5
20483,0.5
56024,0.5
32009,0.5
19463,0.5
40247,0.5
48951,0.5
13793,0.5
22602,0.5
56106,0.5
10384,0.5
46773,0.5
27169,0.5
27219,0.5
41673,0.5
10302,0.5
17851,0.5
14890,0.5
18259,0.5
48514,0.5
24337,0.5
15036,0.5
17468,0.5
25457,0.5
20182,0.5
50042,0.5
27800,0.5
47250,0.5
17073,0.5
33061,0.5
51027,0.5
44363,0.5
50163,0.5
33706,0.5
13966,0.5
37065,0.5
53710,0.5
39160,0.5
42172,0.5
20977,0.5
53458,0.5
37864,0.5
38743,0.5
18003,0.5
17204,0.5
57018,0.5
33902,0.5
56041,0.5
18731,0.5
51289,0.5
29448,0.5
52856,0.5
21110,0.5
10667,0.5
56543,0.5
50753,0.5
53421,0.5
10901,0.5
18837,0.5
15628,0.5
55903,0.5
54294,0.5
44051,0.5
11783,0.5
25514,0.5
32132,0.5
37613,0.5
19400,0.5
19703,0.5
28690,0.5
20477,0.5
17162,0.5
20020,0.5
48320,0.5
29195,0.5
34487,0.5
56941,0.5
19373,0.5
30580,0.5
55769,0.5
24609,0.5
45356,0.5
26445,0.5
18517,0.5
26787,0.5
19843,0.5
24670,0.5
27170,0.5
28529,0.5
16212,0.5
40491,0.5
11564,0.5
52626,0.5
52476,0.5
17076,0.5
12684,0.5
51035,0.5
15603,0.5
55140,0.5
56009,0.5
40710,0.5
43809,0.5
49345,0.5
10024,0.5
33850,0.5
31945,0.5
26552,0.5
27546,0.5
14835,0.5
26876,0.5
27344,0.5
45476,0.5
30754,0.5
31923,0.5
28084,0.5
23348,0.5
45702,0.5
25727,0.5
45966,0.5
30441,0.5
30058,0.5
